,Tahun,Quarter,Provinsi,Bawang Merah,Bawang Putih,Beras,Cabai Merah,Cabai Rawit,Daging Ayam,Daging Sapi,Gula Pasir,Minyak Goreng,Telur Ayam,index
0,2017,1,-1,-15.076767676767664,0.8911549545555397,-0.4214417744916821,-9.25563836995452,71.2768859511069,-1.50576184379001,-1.2748512552604896,-6.294494238156212,2.7345187001839517,-2.1428571428571463,-5.757247494024695
1,2017,1,10,-11.266087906750865,-0.45159901800923,-0.9399763415968154,20.56675007405819,70.69999173075334,1.5646052498760277,3.4898967948198583,-3.4700123463230486,1.2727692647560795,-7.454550472895884,7.703837794210736
2,2017,1,11,-19.823808031847246,1.7305122298616027,-2.4451410658307253,-10.48892268897472,56.227601760104726,0.8706345071645583,1.0704135862364517,-7.729860889572038,3.861264288926214,1.7832343468368483,-10.366851067008897
3,2017,1,12,-18.997858767899345,2.498702404876285,-4.6119518365817065,-15.874635801876225,85.03918651133769,0.8936098465688769,-2.455136084721388,-10.295695420681641,1.897951565489242,-6.7105424624267815,-26.721805236019765
4,2017,1,13,-17.613905951449713,3.2144240881164516,1.14054629988376,-10.991936202441401,161.69433101431738,0.7387228858583672,1.0901066033383475,-8.016701666241444,1.2576759565422924,2.884581926998142,16.66747107078401
5,2017,1,14,-13.649499616461814,6.262994782472231,3.7716417480482716,-16.75789553709537,98.75776287431944,5.044277368932093,0.06966213862764636,-4.021514883583843,3.0009287889297687,-0.7214532738118229,23.304383441691947
6,2017,1,15,-14.350962166357563,3.5170595374100166,-0.3751724137930901,-13.854109703787751,105.57986020312242,-1.8394701462673413,-0.3428343631652453,-6.928946800086387,3.882371274014385,-2.783701635929525,-2.12803129114989
7,2017,1,16,-5.27307254082795,4.869383490073154,-3.2970123022846964,33.74827109266943,38.91208611971946,0.3301782962799926,-4.2133255619103185,-5.730812013348174,0.9327303561334156,16.675381863217286,10.859602442904857
8,2017,1,17,20.25464694442367,4.138913341619976,1.972402245926008,-1.4463536416699951,61.167731828458535,5.010071828036788,3.063654191861409,-2.4300880120211588,7.511090277142586,4.130647862014514,35.089520775210225
9,2017,1,18,-12.74910261170936,4.422993804927233,0.19666524155621531,-5.2352697668000445,130.59002896783042,0.36802921758674056,1.5077170131144513,-7.7271407837445585,5.411922304085738,0.7000246487552264,13.633233423324905
10,2017,1,19,-13.667922590330218,3.7013367043565726,1.5999358957237142,-37.61847620746409,16.819745166176613,5.1436652111078285,-1.4638101741208607,-8.075185380282823,6.018171713022258,-3.266769531734337,-6.700459584697678
11,2017,1,2,-16.4127417435973,7.825818739075707,-1.4416472042863226,3.788113670054538,175.7596582716848,-6.148580121703839,-6.846423395616919,2.7674358309566878,2.5569047563234197,-2.984604303592331,4.835181733553913
12,2017,1,20,-20.320921699288007,3.005598957979272,-0.1121558022284419,2.135470843786336,142.3633055635354,-1.7713286997520616,0.8593936500358001,0.8668449865602891,-2.1564966851397305,-0.7173827355143936,10.618950972404448
13,2017,1,21,-19.090480831124747,-0.03620076082954116,0.8962678092091725,-3.1953528877689097,89.5256044053123,10.580693363582316,0.6015806235992516,-6.51208329353329,5.731026082573808,-0.6287148895993799,20.774241136621033
14,2017,1,22,-15.859279070158616,-4.719439349042854,-5.193657219973013,20.605023953233847,154.41637272448204,-2.7808685211126667,5.574399430872612,-10.658713573310076,6.07826712056132,-3.115701513870839,-1.8115148214494896
15,2017,1,23,-15.010020865363494,-3.4506237575719583,1.1246249200649316,-1.5438811557523913,18.27211120677068,1.2479208482509383,-0.4915627292736757,-3.52567919296396,0.4285887318432158,4.280580990107574,3.6006051608380147
16,2017,1,24,-7.4547969568224515,6.369450732529169,2.2801154488834907,-46.930769496641595,-5.957179903825349,6.578546479363668,5.822816075581128,-9.260854755655288,3.074039701575293,7.644487615347263,2.7648108375554106
17,2017,1,25,-10.604808641850905,-0.3802902337735059,-0.6454399918684794,-12.848614452463694,73.8968792557562,1.2361573782299518,-3.3044959892982946,-2.639048251706022,4.728648334060813,7.0346501506528325,4.797022539077396
18,2017,1,26,-16.199595641918453,3.0818246647190235,3.8768853969639583,-35.704727293216145,12.170967644522591,1.2176277006724856,-1.7148014440433237,-2.6077400576197785,4.296941635189477,-1.2576289288983689,-0.35759897744443825
19,2017,1,27,-18.929064640275904,-2.3552125148311736,-2.7474572066484737,-0.2872621220941673,83.08738282155755,3.3285016783643595,-3.590462482007628,-3.7291031462095448,1.7612161661105132,0.6677140612725951,-4.311887931007052
20,2017,1,28,-24.656564250669824,-2.434986092101188,-3.430926046410754,-18.74757543103448,38.89466424682396,4.532091700171348,-5.647879935781198,-6.761573341769488,3.2797556761492213,7.790234835818598,-16.904930980211667
21,2017,1,29,-20.95079697165821,4.281673413326192,0.5270290618882623,-20.327410274454607,39.43917212091135,0.4297538486425223,-2.0042992675040727,-3.8905833595103685,5.40885277318035,13.424885112573135,3.6149626345890535
22,2017,1,3,-18.832763519044626,1.9778046368530864,-1.6913455545765066,16.831828525288106,198.99665551839462,-11.421052631578947,0.0,-4.390417668536816,4.564315352697101,-11.926247500121946,-0.8930700197101071
23,2017,1,30,-19.95265434595298,3.013703886685115,-1.9376779500158257,-25.30937848204865,58.5460171579981,4.17981821202269,-4.908972379481902,-6.031359320339824,1.9157088122605304,-0.410528757725892,-14.67021343090348
24,2017,1,31,-11.326931470973378,1.086677504919975,4.2479856082480385,-24.433067715490093,26.212298550463675,-3.6892972199021545,-0.5762659210934995,-4.139504242746028,0.7625994694960171,-3.409647217207734,-1.3587587703915056
25,2017,1,32,-11.324533516374347,19.778551091426788,4.193166574607421,-45.444284235021655,-5.2590439963300275,-8.27041455575529,2.0816433679537782,-9.996468690647752,3.713005701873473,-5.368728260184896,-16.91894824154558
26,2017,1,4,-16.753241968759212,-1.813979496738116,0.365084884125233,14.411294201292325,74.89260281215407,13.190170731442594,-4.763157894736847,-2.582950294955056,9.903237156931732,-0.2650501233401714,28.40861360351305
27,2017,1,5,-15.497232276994124,6.947907915383157,0.1332184565483452,-19.216159952772294,97.29603413666351,-0.6988692170146416,-0.08667180277349695,-6.644599855730126,5.0321514216125305,-1.991022329184,-0.144061437848491
28,2017,1,6,-14.829136690647493,4.003841568419663,0.34649720078681057,-17.179953751089887,99.81507823613087,-2.7016129032258034,-0.5292940537245272,-5.144691358024688,4.605104015481354,-0.9401504240678538,0.03383815351246522
29,2017,1,7,-17.344004330550295,4.382750721864825,0.3188573077477885,-19.535167760947125,105.05076172601878,4.883377024937818,2.599406929086534,-3.959112719583602,4.829371556825147,-3.1089980760692586,9.323825515339566
30,2017,1,76,9.379674172292509,8.547636761291821,2.160919540229877,-9.842776849460721,33.9849427531554,-0.9808751086641588,-0.3516446766669734,-6.018938505917015,0.9295352323837937,-2.9564282751078035,7.156992571640017
31,2017,1,77,-24.46110096235333,5.135719998118282,0.9957588050894416,-5.296224291415119,94.17424529493496,-2.582386092272415,-0.2349374763167877,-4.848172928461137,-3.856136447905079,0.8665936964034948,0.4318549959526061
32,2017,1,8,-13.41308937368051,2.0449817674555115,0.6604750400050152,-18.71011414091481,122.8951006604054,-1.1218214139808058,-1.6156412682372443,-4.589934762348556,3.668247843291472,-1.0594677415142528,4.676860153013335
33,2017,1,9,-8.29790584159975,-2.4188148644124547,1.2059413506543049,-4.381019309705958,59.974524611045396,2.4119856204687373,-5.492610837438427,-5.294929006085192,0.3689898668264968,-36.92502372666878,-19.72925531570477
34,2017,1,KALIMANTAN UTARA,-18.860726331990694,3.192146701215859,-0.4481020828678628,-4.485835228217095,113.25717331252548,5.292508197748491,-0.6733832642664472,-7.644262048946503,4.259634888438146,-0.3913497615480877,10.497501235002684
35,2017,2,-1,-20.87488769818443,15.761622541487586,-0.24125734897992854,-22.88861689106486,18.777597981404792,3.0815954198262,-0.050278836447925634,-6.5183194599200425,2.852649625533332,-0.026065162907273898,-8.49904530820983
36,2017,2,10,-24.241642946523104,11.185746192211463,-0.8743391622610841,7.552802343344878,44.03187088206753,3.9278184921192727,2.8076551687141293,-4.429090618634934,-0.21879843194456686,-12.89027607553127,-4.679771092930502
37,2017,2,11,-29.866143816803998,9.820669984221396,-2.0760478104285163,-14.20963481855765,-10.454892966360852,4.197184892681993,1.0839458826036097,-8.159332188009339,2.112393779060451,1.5353805073431204,-17.933637659487488
38,2017,2,12,-26.294514940646753,9.241824558653525,-5.0779997863019455,-27.968471460030063,10.775278645789822,2.51113999257333,-3.6369231116682004,-12.840136054421771,-4.035902585990458,-8.371879262290216,-48.196338893274095
39,2017,2,13,-31.123455166973446,11.517658288259616,0.5949311132395163,-17.726952850105558,65.20403685827117,-0.4689521345407455,-0.11866257823329728,-7.976936856247207,1.977567886658793,3.800116776955997,-4.070798391400942
40,2017,2,14,-16.100635765907732,37.59639741063889,4.850715062306611,-24.3507741777638,27.966773895033725,8.278364116094995,0.3952249770431626,-6.840205746113847,2.678178432368372,3.414151410192967,25.185275517273716
41,2017,2,15,-19.14055820492847,19.891963421619163,0.8423669129324018,-26.23496240601504,21.918114460909567,1.4145701840163616,0.5263695829926363,-7.43073047858942,2.7520927942222384,3.1301160224927127,-4.08166562087918
42,2017,2,16,-12.873218024125212,17.299522039298985,-1.9958432667033452,38.1290412051242,10.33351098145916,-1.3310836145481786,-1.5059794823577888,-5.458511088051044,1.3380725931677162,16.250203483639925,13.326122950458801
43,2017,2,17,3.994409845473679,14.006521664314976,2.969317057076859,7.890591816508553,89.08705396938593,2.7796305279327305,3.5371057513914783,-1.9429469901168008,9.155204751484836,4.604647535870243,42.04968919316984
44,2017,2,18,-19.032987722761924,7.069144897787028,0.8419882890968955,-29.32061637165607,20.956516383345658,1.7079719414650585,5.0457614003255316,-7.722007722007718,4.690044872860222,1.46738198476275,-4.643744382588388
45,2017,2,19,-20.017357344326317,8.342653245992437,0.40901373668775776,-48.548343571916114,-18.432734993244548,9.433962264150944,-0.5690580851607785,-9.426410429971444,4.562843430479235,-5.879974118408271,-18.53733189709529
46,2017,2,2,-20.7773677208943,17.751955821444994,-4.699866781600181,-22.382957777291626,86.81868649485232,-0.7011600748933478,-8.274845680960375,-0.2508361204013432,0.9628136438385226,6.648767572808279,-18.762377855259334
47,2017,2,20,-37.10967993754879,11.736480647655444,-0.20244696769650128,-18.905457798985978,68.80893446487507,-5.01270971021861,-2.074661105318032,-1.6675931072818284,-1.6476396174020302,-2.529676627097832,-18.344950297236487
48,2017,2,21,-27.852956803142764,8.178665166854149,0.7826779081422153,-9.211621195758012,33.66629051027965,14.63439284450958,1.020792031910589,-6.81608842493092,5.819006458966558,-2.606917428829058,13.38454721070236
49,2017,2,22,-26.68150546337516,2.2072259136212584,-6.560230024213077,10.500645615682602,148.47552247351842,-4.306547619047619,7.0399873391010725,-9.990704186558954,7.337984862819291,-1.2231276005547853,-12.116009724183499
50,2017,2,23,-15.349887133182847,5.439985272459502,2.277840269966247,0.7214770346746668,3.5893816705049097,-0.12421939949345262,-0.4443326626425215,-5.3796354248161435,-0.005306728932297222,-1.2549737965838579,1.7791841715553731
51,2017,2,24,-14.113931065055974,14.198255082233002,1.3769363166953539,-57.32987290561429,-40.439882939019775,1.3593824287465806,5.550261953625912,-8.759715025906733,3.1966405865295315,4.306487695749439,-17.93175064154861
52,2017,2,25,-11.919852790840325,9.563089195068898,0.3124007201101397,-18.44751994580761,27.85238887568337,8.464877663772686,-0.019613436987375717,-2.3032069970845392,4.540286702916463,10.146238728049363,14.465967700032994
53,2017,2,26,-21.79600235155791,7.995889003083234,2.4498114463176623,-47.40924407146037,-34.03461404829463,1.5862398471094163,-1.7665816326530637,-3.5918432155332747,3.3990623276337395,-2.0211356026785814,-18.052845651686045
54,2017,2,27,-27.759115952721057,6.05932123541939,-2.3929471032745564,-13.534829224043445,6.016504358327258,1.6413855558071069,-1.6714285714285682,-4.053761109906784,1.4646939482408694,1.987191272905564,-19.361608601138308
55,2017,2,28,-27.66900552542615,9.96958431902668,-2.427590825380888,-37.4331550802139,-14.808937252827524,7.653969384122461,-5.449720809121428,-7.9465132645879955,0.7431071602194583,12.353043090859584,-20.89584662985226
56,2017,2,29,-24.69946311858077,15.059688743515489,0.28310104529616353,-43.42497240242557,-21.946176536479722,4.77120535714286,-2.3450113012592806,-4.631588630300798,5.1313790581218655,13.524465990001524,-8.570898910852714
57,2017,2,3,-24.9922612598669,15.233327373502581,-1.1520173414446444,-14.450408686104664,164.3962975098296,-10.317460317460316,0.0,-6.432718225171052,5.287733467945488,-3.1431542117771327,-7.904607005805722
58,2017,2,30,-21.795209959907158,17.114638716987706,-1.6019988242210403,-39.48775105491523,-0.28688039749201755,10.096466507695645,-2.7296197778125415,-7.443659281894578,1.9815580459144664,6.636203732028156,-12.026610861208566
59,2017,2,31,-16.108052916629667,11.540330417881426,3.0734890109890056,-49.61125970211874,-25.17054574638844,3.7076992959345967,0.5350056689342519,-6.137407674292916,-0.032865907099033365,-0.5365032610982534,-11.493947399293878
60,2017,2,32,-17.432814710042432,65.31337918099408,3.2565166739478624,-57.789844607475025,-39.13418944203675,-9.00652713915755,5.929354060361548,-7.913708961845611,4.768823620984897,-8.31544548745715,-22.371498843421318
61,2017,2,4,-25.460683799286386,11.665092719780226,0.7394511858797692,11.889494026704137,54.04495821507411,12.122788761706559,-5.651166506871197,-3.4523455109939265,13.257760442060773,0.9798469989552804,26.438569932053444
62,2017,2,5,-19.568555577570837,49.44351551886299,0.1006036217303885,-32.6391998805792,21.287633441285838,3.859969379342832,-0.14204545454545858,-7.761809903244165,3.394439967767937,6.448251910164382,0.4942614608048324
63,2017,2,6,-19.421998980854628,33.88788796463118,1.2739244412881323,-31.30878313995852,28.168321003966604,2.47040365140494,0.1966221558363124,-5.294208973761839,4.0120110100925865,5.932380620425227,3.5959473285515045
64,2017,2,7,-21.32070949185043,12.427774457063155,0.8924470109587191,-29.768851837817355,22.539704085787978,8.180246379943814,1.8546469650948527,-5.231829573934832,3.682674526121121,2.305669790332354,3.0272162985416404
65,2017,2,76,17.222566166228127,13.236374395494524,1.8278965129358893,-15.290863820275593,-1.7183333018100713,-0.03463669950738435,1.4577093371532792,-8.296010711977098,3.4110903002440462,-1.4592550306836038,5.716229999733487
66,2017,2,77,-33.93066733735748,19.041464443975546,2.1306601616100096,-13.582578046324267,27.982229823747677,0.8144397974906514,0.6499215070643549,-6.053576773421133,-3.6366426269756067,3.215361740423361,-1.6391015317253634
67,2017,2,8,-23.37225471350866,13.682680743017508,0.904045828857858,-29.92688737369588,33.02516872890888,3.0107826263035427,-1.5469780721195203,-5.513529240616809,2.3595693646454974,5.539784006988002,-2.952498512148696
68,2017,2,9,-15.023330651649234,5.672866998515412,0.4879513550033909,-10.409011949255154,45.58363757387498,12.56588794169322,-4.545454545454551,-10.178753830439224,2.9826754777638964,-35.46870976049446,-14.520148072413376
69,2017,2,KALIMANTAN UTARA,-27.433563353398924,5.9599636032757095,-0.4031117397453987,-10.891295293627646,59.171150645531384,6.37417218543046,3.4845559845559704,-7.773176170755013,5.55468052711714,3.595002357378596,6.344005799722912
70,2017,3,-1,-25.553583544739574,-10.873086925011721,-0.4414299353974749,-14.862649209350364,11.561012978977313,-2.570543903721445,-0.4037258230641272,-9.704365079365084,2.5311426447871765,0.1461314129896918,-21.862565637188712
71,2017,3,10,-25.359995652882684,-4.73701555345073,-1.6502844278276974,22.53181571307443,48.60143519122752,3.7639632221764696,3.324452724906424,-7.329018810563282,0.9569560410232824,-12.553242402488642,-5.063721126325118
72,2017,3,11,-35.743006677495025,-18.707052772714892,-2.383513095494172,-14.272409402449092,-17.790789117986776,-3.1351185079652844,0.9017565381929328,-11.04028958136607,1.663349794845348,1.9025506255368807,-37.0790908938893
73,2017,3,12,-27.40656331616239,-19.519639515169576,-5.381114836840316,-4.814334580070678,15.160613236203899,3.0662259204377036,-3.3335458370521542,-14.827399799212294,-1.2631599993145115,-11.373698896965776,-46.064935975041564
74,2017,3,13,-29.757089814520636,-12.39954968403244,-0.1901353316183907,-19.964349027964147,37.6892886620513,-5.771780844452201,1.0862678314975451,-10.44744799168248,0.7183560517986187,7.508140492433691,-20.331566069137644
75,2017,3,14,-20.82398979905905,12.907893932291124,6.256619307395628,-22.751673801766948,0.4792123020736394,6.6495419067424075,0.8177008177008283,-8.584828233087116,2.241615263021468,5.0062126247880645,20.181100746083953
76,2017,3,15,-24.54259103605784,-4.532755752267958,-0.3598932791711862,-14.750616598725186,9.428512029048953,-3.4761219924211217,0.059081836327345975,-9.722799003322258,3.3561537320935915,3.1344674900955605,-18.767605583312136
77,2017,3,16,-16.268937920395665,-0.07000963258172455,-5.928100468501906,19.70856615172718,-3.969539426254487,0.8626098933800286,-6.564504783114677,-8.797556696042053,1.3511610940693195,27.022383652788548,-9.165299196615996
78,2017,3,17,-0.9367581844763162,-9.26097522597339,2.501374902808595,-6.499233952376171,80.76534460886144,2.6307870414334245,6.6935371433641375,-5.52698606389882,11.002585735047088,5.6191446193143655,29.99212046891598
79,2017,3,18,-28.187393720734573,-18.865232450431254,0.3321815652066684,-30.98908361423306,0.16556341520870266,-0.5811426298426903,4.793726609434135,-11.054985693183351,3.7950458583086544,2.9132699634005554,-21.173407484355987
80,2017,3,19,-17.88791588608606,-15.28729329981017,0.23937367548396704,-37.657977452259495,-17.25540201021405,-7.9867069671311075,1.6922249694169222,-13.141875064610407,5.099192207175097,-2.11637505935639,-37.113236827526435
81,2017,3,2,-35.17974773113167,-8.894282180749668,-3.388592791202094,-21.53597473139401,29.787983668732252,3.068888488912513,-9.411535674033756,-3.431553697040424,-0.4779090473630898,4.1008946729340865,-29.934238167463647
82,2017,3,20,-32.01892829007657,-18.900055309526405,-1.1396860953932664,-12.722613545204942,71.69558185694329,8.261459372452773,2.061040308897577,-2.5017785699532613,-3.942912883315275,-3.3798374297530733,-6.935773034819835
83,2017,3,21,-31.69856331254003,-16.615189425846776,0.5823912298732471,-13.104785976997125,18.488288521140973,8.236321535742563,3.116306133084445,-12.689756120593998,9.384446553964443,0.7500569605833007,-1.3952398641074746
84,2017,3,22,-32.50234474849232,-24.435001841307606,-6.04860979362971,29.92116940746541,145.38988419360373,-10.32823649337411,8.181935399657103,-8.8989026865261,5.404544796642052,-4.261947537877599,-18.711190624285678
85,2017,3,23,-22.056654008991323,-7.752414716203027,2.3655410546029154,7.105532697949758,-3.589142987273386,-2.109826938637493,0.32764868651082857,-6.902098706943848,-0.7642272109685602,-9.205319877597484,-9.138935980675257
86,2017,3,24,-13.014016224479963,-9.021161497070283,1.949343077641541,-35.680530525622956,-23.74048126713373,0.17826896391657246,7.458546458339499,-11.315330244937416,3.2105287126007465,10.25248504888454,-6.852217406756316
87,2017,3,25,-20.6069617598841,-17.485792895628972,0.1640819351082401,-21.38997884674385,-6.819213222824649,8.065430000246332,-1.5667499518853156,-4.100529100529105,3.4493906184333905,19.21961347052179,4.299905361036121
88,2017,3,26,-19.481042131790005,-15.245378271698105,1.8338324807041675,-32.76714490031609,-23.43673880903664,-4.469804861734783,-1.6759776536312887,-4.905119942713932,3.1711633204529743,-2.530352887779408,-25.265013992733213
89,2017,3,27,-32.82317370982777,-18.073856635500466,-4.3535421417738025,-20.45619569625935,-3.285777295062098,-7.05125720590477,-1.8971428571428528,-6.416876010023763,1.2093554866416278,2.1003033247931184,-48.05944638313283
90,2017,3,28,-30.968047245217452,-17.00198303362911,-2.965576427958428,-32.63616249503845,-20.4014252186415,-3.7320934093370335,-6.983132099343713,-10.60170415009124,0.9291428875194184,10.494245091401467,-44.55418998117978
91,2017,3,29,-22.87382537527971,-11.915219967928605,-0.9250725379757574,-32.25388084890878,-13.488085893133904,-7.178535749964322,-3.569904932868873,-6.132928603048128,4.994192799070852,12.96485572765156,-28.30870594023867
92,2017,3,3,-30.57476585935165,-12.38282484288874,-2.9471832092248573,-13.21407476162351,159.2019476768177,-19.963151927437643,0.0,-8.350796874832078,5.231931493439079,-2.0309862486426082,-33.153749305380614
93,2017,3,30,-31.921447054978213,-10.837682963048277,-2.136806052025353,-36.44427738994371,-17.27983563511646,5.019423964249081,-5.0595572185843425,-11.16488730723606,2.1142482636210325,5.610762907875876,-32.88650569088295
94,2017,3,31,-23.68001798420517,-13.128457877316325,5.092717616347109,-39.01141575566268,-20.446781898242765,-4.397512552712824,0.2234773690897196,-7.161805646654129,-0.5557562163986063,-2.484228674424982,-17.710229076078626
95,2017,3,32,-16.91959393085407,29.61685081088068,2.674843623350198,-32.50649398163392,-28.73924794894077,-11.665091814728568,5.626156572851127,-11.767980009710932,4.05336735466153,-7.950370832466913,-25.376204674135238
96,2017,3,4,-25.769984393155408,-11.137806293085797,1.638743404998233,19.50591299885345,58.89033456535675,16.364757141456174,-5.835497835497838,-5.467545212393099,14.457176537227976,1.8287869077804773,34.51266487094398
97,2017,3,5,-25.00269541778976,8.271414552081868,0.1996543298170339,-30.782426379491078,0.982862615874014,-0.747730105038269,-0.5668274294583941,-10.880524541490118,3.4194257101982433,5.6589990287474246,-17.603464133392656
98,2017,3,6,-29.298875329026075,-1.281275516662428,1.6664799985066423,-27.559642184472512,1.3085723950876815,-4.203986758590017,1.253983768516398,-9.30990578049402,1.3478680145346809,3.849815927378253,-18.28367739675028
99,2017,3,7,-26.992804042032038,-13.047573180888994,1.3117565866926473,-30.075828724477386,-0.2719181646251512,4.119922263723197,3.6480189687355216,-7.730372500240778,3.9704988790412177,2.481665163427249,-9.286573503655402
100,2017,3,76,29.22167588834257,-8.257107211355574,1.4159917454663828,-17.24037648999478,-4.723237244552703,0.6247307666235935,0.7495215627051799,-12.035743950637569,1.5706249290163619,-2.101900535729817,-0.2275206124672984
101,2017,3,77,-34.47945318082086,-11.899697786490238,4.468631146879054,-25.88339385237037,9.975775359104723,-6.3415120189313825,-1.2072411914058834,-10.331820573533278,-1.5195193039955646,2.5330527813655297,-16.243442574607954
102,2017,3,8,-30.245472992987665,-17.133244699111778,0.7115489874110592,-33.06292381159855,6.856084252036897,-2.047800689560342,-1.585212207826403,-8.462826038248128,0.9368375289034558,5.925656663570144,-23.688574456600485
103,2017,3,9,-19.278315561055813,-12.504985379823374,1.2496234662525474,-3.006118747097464,35.85976303934733,11.392410681591734,-6.021464004507172,-9.324043715846996,3.5969864022894704,-27.321220558570324,-10.484438001250039
104,2017,3,KALIMANTAN UTARA,-27.58776540369801,-8.9944265441396,-0.5651844791948579,-6.453024002021534,34.37200271364074,4.570852798387848,-0.25740674829328736,-10.602976306665557,5.086082270994874,6.112298937534955,-2.8942327566281056
105,2017,4,-1,-30.507470924048953,-24.407899643889827,1.2490959719143602,-28.994596739011698,-14.540868046635234,-0.8821270088354759,-0.017328616948397713,-6.9067250573604735,2.1946435980816803,2.459208984433081,-22.686491198465124
106,2017,4,10,-31.27994644394835,-16.69278291541172,0.3578950364298672,3.7946551942685587,26.49862626009343,7.421837419439736,2.2329212726697407,-3.918620265204509,0.8310835258426241,-12.987828053367178,-5.777901112256979
107,2017,4,11,-36.99201102822737,-29.824378476005343,-3.8806396413477273,-16.53068909250659,-39.37374613963439,-2.718242180259234,0.9410185290727792,-8.034254491961757,1.3493125654346905,6.9652288393925454,-43.34703961522868
108,2017,4,12,-33.33083047469042,-33.213753150294664,-4.553878670140199,0.4087285557653031,-10.099955243920633,2.510653684237707,-2.440940750075704,-12.589592856679255,-0.15562874530140602,-11.358651339588187,-46.623180840366295
109,2017,4,13,-38.00633471790596,-27.036057901524682,1.4848389569739329,-37.349564836305696,-2.9271746992712067,-1.1469071973550735,1.4826756702883914,-5.9057743210860005,0.7619354838709569,6.189470203541768,-23.210924305071693
110,2017,4,14,-26.34128548653489,-10.987219925355319,8.500926668002396,-38.41412806413541,-26.77092607532159,7.712314857041425,0.17921146953405742,-8.34939140282418,1.305640941708397,10.439345561172477,17.862194667899033
111,2017,4,15,-29.1357894634338,-22.75959100117586,2.191922623829501,-34.927460621738575,-30.26413878790668,-1.3107959652451815,-0.7701207403809862,-7.374047491808267,2.170297099782359,8.292569394643179,-19.96726341476694
112,2017,4,16,-24.74553574861197,-14.021866582862806,-0.508888471456137,0.6119605272763673,-13.472409577274359,-3.043474456897366,-0.3535437744286329,-3.436803859072335,2.230129375594992,3.903863582961287,-14.819279488210302
113,2017,4,17,-27.986666349460226,-24.8686477435494,2.8140858309674943,-39.15058038863592,19.920005963660348,7.947627508665622,0.8075895243185416,-2.1202785903576493,5.267647374218899,10.174358541245958,5.191012092516538
114,2017,4,18,-34.66355758915779,-34.567113951760184,3.814285067961043,-48.57773654310184,-30.73356479206514,0.3165466870946876,5.598501913042897,-8.286479495904674,1.6191244061883214,5.216902497574116,-19.656177302358106
115,2017,4,19,-20.195997363234387,-28.58954077722331,2.116289925240733,-39.24945469723925,-24.30958043162732,-9.5216157002053,2.592638338550035,-8.967942807133621,3.496494276666029,0.22233562598223955,-32.84386554756374
116,2017,4,2,-40.34162496289731,-26.46031225017066,0.7803823986688885,-44.92649714854909,-16.19453663579088,-3.653111293773648,-6.994772983055264,-1.8785373238616507,1.3584381447158789,14.670935834481936,-30.85459873304346
117,2017,4,20,-39.09960295306042,-31.613595799167086,-0.8400109581535475,-19.605908758743094,44.44260637809026,-3.0570298538700635,1.5714978966028692,-4.072985775887039,-1.2327223412675448,4.874435483870987,-23.72699979159161
118,2017,4,21,-35.051817326135414,-30.763182828061293,0.4907115317209998,-24.47266423708836,-4.928417162068888,16.957596207402734,3.9332572964117194,-8.660016696277584,7.881221578797781,4.201308058973519,2.1663639358817464
119,2017,4,22,-35.48671891922247,-32.34131394624092,-5.2070780139588875,13.850905443218428,68.66971331658789,-13.971908066658099,15.130963400607287,-5.997916491717026,7.253657676714264,1.2498955127474565,-27.622143490445108
120,2017,4,23,-27.346795048854045,-20.174969052454998,2.4456205367600514,-11.742810986808285,-14.751951361101376,-1.4929497361444557,-0.1923021012015802,-4.7166819925801295,-0.406722578159191,-5.045563188689517,-16.322293385213936
121,2017,4,24,-20.267525194197024,-22.541802308375264,-0.6176728880125215,-39.552992045650775,-31.344167470980228,0.6673236759200618,3.591929169088326,-8.549080794135643,2.47829313640906,-3.3253850673529928,-33.198738337585894
122,2017,4,25,-27.35456518220306,-25.85755741975101,1.6706584090894203,-31.16390556435729,-28.456557921168336,5.0772161107069715,-3.1148910082170134,-5.08000813336662,8.441010667604655,13.528933220147145,-5.755167048780687
123,2017,4,26,-22.805884964746305,-27.719323921056287,-1.5264399118798957,-38.12421779931492,-27.613461807010196,2.2328058256526395,-1.9258826089321608,-3.1958598231596183,1.651657942491136,0.632095073564809,-33.62319911952927
124,2017,4,27,-35.88933533474214,-30.89233347297863,-2.0791750249186225,-19.242831541218628,-19.915625516600144,-3.317521161767689,-1.9929773113134708,-4.353911324966275,-1.3006525028295468,3.941986940629549,-38.854835456249795
125,2017,4,28,-26.771801184142017,-24.302429831302376,2.7565948432793697,-38.75042682510414,-32.2721757606965,2.324820520490567,-5.72096175195973,-8.260783144504071,1.1435294757746295,7.788968024334153,-19.01902733416656
126,2017,4,29,-28.064912072310552,-30.204758464529714,1.832211539933093,-39.758823432282455,-34.302601042344236,-0.08568793878811487,-0.6599359763605039,-4.935866961446333,3.730825074174615,16.289362855239546,-15.530764115119258
127,2017,4,3,-31.84288064898787,-25.08169463902081,0.8677124004816461,-24.47081896260229,58.09273185843765,-21.178642624139176,0.0,-6.701664875955171,4.1136070968665015,0.5648177625046991,-37.937556692702096
128,2017,4,30,-30.21944996973104,-27.372358228595594,4.545718554275967,-39.18897810894617,-31.33027329923398,5.867427069433884,-0.9530226826265586,-9.357048166151127,1.879023707480565,8.16079131878027,-6.6124438581447205
129,2017,4,31,-30.391748524683763,-24.6094336084021,10.53277468843732,-42.63193298740266,-30.755067314207096,-3.0272952853597985,0.211975570340206,-10.42090628840846,-1.7252261166767482,2.028870409337236,-1.294117979863695
130,2017,4,32,-19.50349988377488,7.3723225463463224,-0.6066365317443978,-48.098522421125935,-31.014083186563724,-8.604401361998837,5.476547474234962,-4.9515342142070216,4.959165108909702,0.25978031935145474,-35.259944261517575
131,2017,4,4,-33.74567153451354,-20.426828762154262,0.12289412375503515,-17.100773723500538,8.797856568377615,0.9648436266527228,-6.891798199193167,-3.7873349476667095,6.575711164104048,2.508549681406791,-17.460896404596774
132,2017,4,5,-25.632090477122315,-13.767065541259091,2.6805997273966486,-40.684393790681035,-37.069228584611395,0.9010912042158424,-0.4673753665689118,-6.430523749722982,3.3420881122542716,11.947485427333946,-12.125661985820894
133,2017,4,6,-35.26436342813515,-22.73609784846766,4.864442230418509,-39.96756690875154,-34.457095687461944,-0.8209432014351981,1.7941910702787391,-7.5104033466478635,1.1808201167750276,10.523501212780985,-11.008958930968426
134,2017,4,7,-31.28755082659569,-26.460331299040984,2.979406047004152,-39.495876613614115,-30.160043524584587,0.6770363409139835,0.5952009289555749,-6.258707534026363,2.9634308860647436,8.303156223508259,-15.655621587743086
135,2017,4,76,38.37134058022861,-20.784304048762813,3.218720361063565,-23.93291916855119,-22.674753571791054,0.7591596973317349,0.4655693823113705,-4.392370942002877,-0.7111194189275749,-4.099164479168627,3.7607263022005917
136,2017,4,77,-39.67213114754097,-25.5905350381614,6.323130510420928,-34.31237341536681,-5.746184030660473,-3.589321217112884,-1.9239776616825743,-8.95817303386065,-1.7075438444129951,2.8328213030665235,-14.472237539377332
137,2017,4,8,-36.82609542911732,-31.583616614672327,4.3026241515564445,-45.995265387284526,-36.381677312829815,0.6283806041047058,0.4482639705156943,-6.012962188070603,1.4652847677128602,12.615650973468794,-14.284289747798518
138,2017,4,9,-29.230859627475173,-19.452349074770428,0.7158244539544167,-12.903884246071415,26.04739073221269,16.75060277129552,-2.9287003610108275,-9.850181626545695,4.328695837690955,-18.409475306762108,-7.159631818528973
139,2017,4,KALIMANTAN UTARA,-36.8136969343916,-23.763247332669376,-0.04253780836513954,-19.165115545390023,10.481967956994186,2.5931836315969514,3.991110451701663,-8.455239682825741,3.2039561587687397,6.11469195035812,-13.697833015022798
140,2018,1,-1,-22.44120695932519,-24.21369219814629,6.331140229445298,2.252486471123816,-36.42043167989354,4.262274276437483,0.9415254673277528,-8.298933544796295,-1.5338800975921665,9.817225235549598,16.571154089124075
141,2018,1,10,-25.61994355597366,-25.39602563585796,5.2754237288135775,-21.73663024726854,-35.4700802945344,15.403080140697778,-0.08847825235877016,-6.222134152382853,0.8343785788296865,-0.5030346109683448,10.970918287439563
142,2018,1,11,-30.35521734583849,-30.32079519018701,-6.237418848851895,10.381668570285195,-46.13029828984921,3.6912856476123856,-0.3662901324036905,-7.733478141121175,-3.43826272779606,9.708349006946905,-35.218363169392426
143,2018,1,12,-24.092584178908577,-36.3802994596396,2.7554535017221493,33.03155581139778,-31.12134675742877,2.9380070993914713,-0.4826342852733312,-10.857002336161315,-2.9404357133862247,-1.7934658441855156,0.11165067384916982
144,2018,1,13,-21.57064178295237,-28.019466155434298,4.134843297340018,7.5636613902271055,-54.39109992715714,6.470088312456124,0.2838492314171548,-4.629466643196622,-1.0262989095574104,11.653645833333325,13.163581353713912
145,2018,1,14,-16.662397762966073,0.5206917319108717,20.661817890096426,8.608306954486709,-45.55127347655217,13.093451061417394,0.5059142100326319,-9.913293391233156,-2.200974451246052,14.699799277748607,90.59225166478822
146,2018,1,15,-24.745408266117874,-21.865432023972076,12.21217556832741,1.6770041247838652,-50.063219103094596,9.390580491588318,-0.8170735603102997,-11.23572084535348,-3.540308037635732,13.397530963016324,41.53743142189987
147,2018,1,16,-20.733613381877014,-21.0067178803457,6.640676980399296,-9.091816111604723,-34.407633417335795,1.7417689887774035,2.9100995662155515,-2.9129630977742127,1.8885656109241644,2.6640322463284294,13.00472016141736
148,2018,1,17,-41.90059981060901,-28.250391295584077,6.1113273647333655,-2.2479135069934157,-14.896421273526418,14.403818921985126,1.0519995441320429,-6.07460386564853,0.9787622568336428,11.000100543238167,26.175838270153303
149,2018,1,18,-30.36649854956194,-30.289687523787777,11.546633237400773,8.591366556805458,-51.66704817700378,7.5443461441198965,4.377852601208644,-9.468114187526844,-4.009513542885445,11.841494438564233,38.765656981748684
150,2018,1,19,-9.342962398550092,-26.254709091666676,5.803050651400343,29.05894986900521,-4.601475634846642,-15.916203051821075,4.231958721263561,-12.544879453402936,-3.3339495116255784,4.08411314835504,2.675113420502264
151,2018,1,2,-30.2784951777352,-23.957302459536123,9.977341573745457,1.5934457301215232,-42.22779682882121,6.662721098714753,-0.7534325151001275,-12.10542209194142,-3.326227239458324,20.77507905960556,33.41834757796821
152,2018,1,20,-25.40030507550193,-28.492872228088714,3.402481291374837,-2.2899953974720333,-41.367028439190776,1.7753696864226898,1.1179205409974855,-5.186808890874572,-2.6839371565933967,7.967229292860557,-1.6222275470014047
153,2018,1,21,-22.41184435351422,-28.885730448471843,5.027036372416327,-1.1236508392498012,-40.075649823729975,14.45061565784107,1.755201577840282,-9.40685109605155,4.990131201327186,5.388032261094788,21.962447291657284
154,2018,1,22,-23.064965593069328,-26.79472872165134,0.8687506242964105,8.673248552053911,-40.837598792790416,10.126050551393085,12.119035121750832,-0.0328062141824792,1.0185287469621551,7.960063816106301,15.164118327643314
155,2018,1,23,-23.064067104009105,-26.106833311923353,1.763614247218892,-28.49798970233367,-38.8048747241296,-3.292364274410786,2.929330419123821,-7.281839864945939,-3.932085771464045,-3.3980544950375497,-30.596153457126835
156,2018,1,24,-6.8179782437771905,-21.351626242603768,2.2960688266844715,40.599747027573976,15.943314727175961,1.7358402933659092,0.32711493528168045,-3.7305014758977855,-1.6822707002793869,1.5340191301209227,20.60330829211629
157,2018,1,25,-22.629374990208497,-27.8258015013252,6.0590651891482725,-9.530089096491613,-45.645065655556685,10.905005428739267,-0.8193650027129906,-5.999802354504535,5.277125001766025,16.569375425352348,25.864270568336664
158,2018,1,26,-2.963134187558958,-24.85164238731874,-3.215845178081989,23.208881609178977,1.4960416284994782,0.8338469497210843,0.0,-4.767292665222488,-4.910059386833399,7.9797788464377915,-7.533017437911843
159,2018,1,27,-28.67773717891364,-26.31696936017581,1.1825819652196978,-6.284314484414511,-42.31014107287571,3.5265194427276163,1.0735302375747269,-8.395968326482564,-3.1608581070416086,10.547755874008867,-10.429655711356313
160,2018,1,28,-18.19043627509679,-26.158340471611208,10.98278985507246,-3.6924343390662417,-33.898736630807406,8.768156506879588,-2.0988742330101395,-8.489140866597943,-2.2403291647767776,3.975093415159248,32.51978079613118
161,2018,1,29,-7.6693332576014415,-27.134326096232538,4.887225680657248,13.689953482359394,-17.209216314154208,12.892347055219865,1.280640103279751,-11.756293890147484,-5.339626856719626,-4.878375174664374,18.294932119938508
162,2018,1,3,-23.31940344131347,-22.39958069977117,4.8130791256869365,-24.18808916302112,-39.93743601410533,-36.086890842623646,0.2311248073959993,-9.107869068969377,-0.17871555401821615,9.738365762261283,-47.94642270664011
163,2018,1,30,-25.004031611933165,-22.328711468544586,11.505985310461075,3.8394449722765063,-41.975141591564785,16.370483862576272,2.1148028124178486,-10.225472273004266,-2.9884032114183667,13.580493933436475,51.62293524320214
164,2018,1,31,-24.35129757171997,-26.45196161979609,12.69253334270597,4.388259760733603,-25.991945694617343,8.746483362667522,-2.0436035080871884,-15.98093005199679,-1.3455585858416883,8.628424582952231,40.87878255023631
165,2018,1,32,-6.623523541913822,-2.5644224277261984,-0.007906968863491405,26.84900818800789,29.849454949815076,0.4917114348097718,4.30034996731874,-1.8497173823217141,-1.0579492623640885,2.659715289536524,14.753551136101727
166,2018,1,4,-24.628345397723585,-26.488784565115207,6.351263498874582,6.443029234530084,-47.21059600549368,-7.781628480940793,-1.9089096983074596,-8.687197495557044,-3.8875508240788,11.186160352929232,-0.9900583796732354
167,2018,1,5,-29.203307520672,-7.0865241741913225,11.834884275829172,21.050822359722886,-45.65945305069509,9.750313851304227,-0.4819277108433773,-7.1734281752968805,-2.183606557377049,15.810094491818404,54.2325460878824
168,2018,1,6,-30.45269920011549,-13.700020778295587,13.957679127156574,5.148579235858719,-50.298815236500225,9.427044188611113,0.3491372415376004,-9.183913155733805,-4.015521004553902,13.395929492730186,50.721995324480616
169,2018,1,7,-24.868338603180906,-25.25685907894021,9.183807539570823,7.825553772887805,-45.66181560508194,7.58167112038175,-0.0007390163692111429,-11.429848545996167,-4.661300455651651,14.202702096591757,30.3428600951477
170,2018,1,76,13.535262356711431,-34.151487765787934,3.336084868221123,10.368433204695046,-18.636848590656683,6.778024208398459,2.4591265289740427,-10.268169483437074,0.2794856172223969,11.983958352579329,24.57442925413275
171,2018,1,77,-21.712336662675423,-29.226338801187627,9.110208174090117,-4.3412311200460865,-49.56283187074971,-9.154077969940687,-2.169862336418271,-11.186183983747588,2.134168262662839,7.387644857148089,3.3678223674962813
172,2018,1,8,-34.96396376540081,-26.967511963134488,12.756758013290836,9.67053642014777,-55.128791721510076,12.502628461501631,1.7409997847670722,-8.302601353448802,-4.848266518738209,15.964225017552836,49.85306121216362
173,2018,1,9,-23.43750000000001,-25.73119478514453,6.151341402987187,-29.106033273201042,-34.84655458743772,6.8187588632718334,-0.23455824863174435,-12.26997018607998,2.7152614488858973,103.33032400441373,69.28620140388855
174,2018,1,KALIMANTAN UTARA,-21.726894787336107,-30.26845311298655,5.579202592469468,-0.9562458669442496,-41.541023910990795,-2.2204388362296994,0.3886684423547005,-5.902297875091933,-0.1768284640242701,15.422217506085437,8.724844688873633
175,2018,2,-1,2.7346364446037215,-31.596670933014835,4.872793098485938,14.042940127478488,-12.687029922925518,8.535426344634711,1.1517675936863148,-7.61329903027903,-2.188203712163783,12.659779701653994,31.655308464704234
176,2018,2,10,0.33952390536657884,-24.25030815927816,6.170388751033906,-6.787897130654841,-23.75162052924579,15.312940384628869,0.3017191045633361,-5.0537185069355335,2.004892497679012,7.548677493396361,35.96133264859774
177,2018,2,11,4.413009769693964,-32.291859315592184,-6.993438345594794,18.56617630522413,-12.48075778664135,9.298511975182077,-0.3657937343816364,-7.944508160735253,-3.0118079078160114,12.858688044792268,-11.9774594021867
178,2018,2,12,-6.029542211423489,-41.904954076332686,3.4519956850053823,22.34218933236281,3.049799181641633,9.66719492868462,0.802706938727682,-8.881564491320592,-2.955065733533913,2.8811045492543874,20.555732479925858
179,2018,2,13,11.169095065462864,-29.434141702330013,3.1147652334671205,52.669961177746345,-20.470804952234076,19.706856039761366,1.6680995670775631,-5.71045644798267,-1.4841001396250997,14.117307276474573,57.14769288158382
180,2018,2,14,2.3125940163797543,-29.742109680586573,14.777034172398086,16.54518722315952,-21.580394668218883,13.342929853694008,2.0177842694284687,-7.583036324025183,-2.7136301651090378,15.912949529248333,77.52916806373419
181,2018,2,15,-1.4826752771548213,-32.844876718953216,7.785667745248537,4.855026538532048,-24.81314827724612,12.162207538133352,-0.2546732458621803,-11.09831029185867,-3.9240441100690577,14.592244817308185,38.3228260408882
182,2018,2,16,-1.697046173081873,-24.76758382886868,6.385718525374372,-3.900662204737959,-2.7212488262525762,7.0574859181259155,7.544212008835283,-3.3067835534522634,1.5297817990141294,1.6696498647679636,30.988061515875863
183,2018,2,17,-23.555450064324926,-30.55268326260292,4.604603569988952,23.049468538961683,-10.764763741572668,21.113208908652783,0.3515892905295193,-6.661838979387503,-0.5379230972052951,11.326814147906886,41.94225002778352
184,2018,2,18,-3.2353131156541703,-36.04494401694811,5.940775903478278,20.88246815523227,-24.782315349950355,15.368844906383591,0.6094910700173983,-8.984193398419348,-5.108585217170436,13.178013841944303,40.0312539458976
185,2018,2,19,21.385435334528054,-29.098975102612624,6.327524352842895,26.90796106301436,9.294512023153613,-12.611234705228036,3.5514025193092547,-11.814924910068171,-3.0466307456928017,9.257665344410327,21.693042313718404
186,2018,2,2,-5.060075703467816,-32.04006912817603,7.841206370047637,14.530165148833985,-20.799737990822425,9.717080588334426,4.089040271111788,-9.325906497579973,-2.7961508963869064,17.348296864425915,44.792810640812256
187,2018,2,20,7.293509180243074,-33.23727146297616,5.779972952313762,34.65386831427064,-12.69479404867887,16.944741787387898,4.672822889335636,-3.817599397022797,-1.7768854310453053,16.70194299792822,60.902891593899355
188,2018,2,21,7.546078128782119,-31.83053789529441,5.0912307601580284,24.87827738916009,-9.719120905774703,4.034213314183721,2.162311868475597,-9.225700164744644,4.003981359996378,9.474223147834573,33.97343510394087
189,2018,2,22,9.66990424310945,-27.257162512338294,2.4000268065821344,29.234106595060407,-29.738089160333853,21.010213022434755,11.177736481060862,-1.2545480085707328,0.01624125963790579,13.694783601012062,54.59229682268792
190,2018,2,23,-3.3491525423728907,-21.04343451531045,1.81142028958492,-6.637141077640152,-9.526187468789473,0.5260647510368921,6.105263157894747,-6.051016502453778,-3.895975397058837,5.538159929744246,1.1749320234649172
191,2018,2,24,21.363501079153906,-27.586715956097464,1.6780765649816454,25.15292284609614,28.728610847373858,11.255232416343565,0.7275564975706361,-3.1227638320405315,-3.1407199006325937,3.269047824958915,33.62097027777166
192,2018,2,25,0.34145026507321763,-31.496358148292913,5.126043981304118,1.0824512935993402,-25.164288980681143,12.122154606324866,-2.7753567785772426,-6.9627747133739515,3.6733330435240186,17.395638548093892,34.371748763746005
193,2018,2,26,25.60966590078264,-31.88200695015778,-2.23355283979666,14.486491545516934,25.559115892050126,7.438076714174312,0.02157099685231589,-3.403025628473477,-5.600044740130817,10.964067438502422,13.468427591865812
194,2018,2,27,5.25793543013382,-27.96339892506552,0.2089093701997058,5.039098547768229,-3.1125714981136587,20.730964843895027,-0.029057097195994693,-8.13752071095044,-3.4178655612452147,11.869601141741162,25.578377869439482
195,2018,2,28,5.601760331356488,-33.06893725847585,7.694177533745128,10.116707668636462,-7.874367566857221,15.134479717813056,-0.4579324938842277,-7.486260692283818,-2.4059010064800823,5.721387554889778,44.422565030581524
196,2018,2,29,23.96036584222585,-34.02334332621224,4.073412489930295,15.895368763674385,30.01677184028271,21.130769921629433,3.0358178509289457,-11.871776721609875,-5.882759156473616,-1.5529069923861272,42.930100468681616
197,2018,2,3,5.041643438974264,-28.997972922245296,5.114111227426621,27.160025300442747,-17.835903867919573,-22.72179401782599,1.4846041055718515,-8.50654328863919,-1.8880034643684371,12.661788450307474,0.256258780283968
198,2018,2,30,4.205005010232621,-34.746835300587364,3.8810860295357634,10.236001418810359,-17.45992259595375,23.02366755853373,1.14623789099908,-7.726293193107402,-5.058000847481327,15.168375240381126,43.10645477345872
199,2018,2,31,-4.340990658433242,-33.22503355091659,8.897164321065267,21.985131031993667,5.403387983341191,12.38522469380008,-2.72791246269718,-14.504230327959243,-1.480335837384006,8.246191637808975,46.07470816410269
200,2018,2,32,15.324258877850935,-28.276949517238435,1.174028632764168,21.154262152509503,37.6968453884359,8.75301683808436,1.5882097858295865,-2.6496100086448866,-2.564348367924063,8.93233048805575,31.397023176442428
201,2018,2,4,2.0823713085735607,-26.58848972338805,4.107804690928063,27.963531609104447,-33.528936812371825,-0.2918943192874779,-1.7394774820205017,-8.369405549999911,-5.5406721635565805,11.577833968733707,16.50894099549391
202,2018,2,5,-3.947950036007852,-43.794124961722424,9.597449613659693,30.32660173353589,-23.68794846621265,10.230676024782248,-0.3914453829564124,-5.921235418765991,-1.2554405040617111,16.28397855309396,55.22005384001518
203,2018,2,6,-2.9759077225264385,-42.03559956431817,8.283461004633018,10.872909248266447,-30.807057182915663,10.808350942166081,0.5746162545973821,-8.499911863211707,-4.679294823705926,13.913041632348078,39.027611527734976
204,2018,2,7,-1.5651771959660832,-29.986094060177134,3.973773931287705,14.194662294579775,-20.28300622649432,8.403336974489338,0.21759994480534672,-10.64506255122092,-4.504621940338427,13.539352712972331,23.27801253706997
205,2018,2,76,12.734029356489152,-32.309436183237715,3.6489652653428633,0.4179231522422944,1.1517300782977855,8.635474556800894,2.8397085633768526,-12.298019120552066,-3.4125916221096837,7.52439005873704,21.023390001108233
206,2018,2,77,9.046304814474103,-34.02701764492995,3.0428562542762942,27.804483288824144,-22.508942306784817,-6.062954876273652,-2.4333738860987215,-11.052701446966683,0.9253361641896608,7.857650571008867,7.016513327280066
207,2018,2,8,-1.6659528815755165,-40.623294094040006,9.047309729499275,12.118991793669398,-31.53785632149125,16.092174957247508,2.199793313027709,-7.863782727822066,-4.9582490990595085,15.646033539892153,51.562593022513845
208,2018,2,9,1.6156060060969812,-17.83740751147327,6.9855321480153165,-5.215947104123075,-17.238879036429466,-2.9028669848218387,0.6667232886020003,-9.073463353613462,-0.2890507573129919,91.62842129768198,73.20736336434702
209,2018,2,KALIMANTAN UTARA,3.4232382071238465,-24.92832310696825,5.689541038955669,20.264758874925533,-20.447818318389,-0.2083594828668267,-1.8025028850932825,-6.028190985570225,-1.7424649621743948,14.829264831283483,27.705773017157373
210,2018,3,-1,-12.852999542054643,-18.977351541386657,4.312230926670901,6.91204995978616,-2.6864219702922303,10.103878452502313,1.1639299835312755,-7.6311436042478356,-2.6520529274802644,12.024162705079155,26.995689397141604
211,2018,3,10,-15.669772859638908,-19.35627459341078,6.869659697461983,-9.833097289348224,-21.64296866162254,22.731908166427523,2.3406491418351827,-5.558546311946255,1.4389435727511837,9.70990339528841,44.92584707346094
212,2018,3,11,-18.195460002182696,-18.5728758796309,-6.493043168034241,1.4671433855258265,-5.132765849320298,19.081782450158638,0.7173548004741237,-7.572502685284633,-2.6470242986266097,10.79384222474462,-8.265960988516806
213,2018,3,12,-16.87043505874881,-26.93502012650949,2.8414124794329703,10.26182800383375,4.439784697685156,5.314089803140899,0.5731018063588555,-9.833313346924088,-3.0718140307181447,6.584163918633502,9.892287913839542
214,2018,3,13,-11.383588903195607,-14.011594676247242,3.3791523482245016,14.89616463985033,-18.401800787844678,15.600822642248554,3.0503494220349703,-8.302030595024235,-2.506384747876711,11.37061580733796,32.62099578313417
215,2018,3,14,-4.621258399511296,-22.243844320889608,14.53558129913115,20.770712687169787,-0.2973080417991936,11.280426645791032,0.8581106870229059,-7.437923250564326,-2.5918968905328854,10.809181841497841,73.77092849179256
216,2018,3,15,-15.02349983604766,-22.875908328675234,7.401778250626956,1.7225476754331392,-4.9730185159180715,13.428485274901993,-0.4211559827403621,-11.105680460519173,-4.3483433466183,10.816103641773081,34.69382938780694
217,2018,3,16,-10.585915948751113,-13.705711968485689,6.925570699422279,2.082901768546197,6.693046066058628,16.62034861880093,8.645912544525025,-4.146240084387265,0.15044947419355914,0.8373365107375629,46.12207850955833
218,2018,3,17,-31.20349773720948,-18.50781417255406,3.3017860954956286,19.16581589246213,0.9355309949977021,25.541802031500577,-3.2851022040596534,-6.1250640697078405,-0.7492029755579166,11.304569661022356,40.210117337551395
219,2018,3,18,-21.316541081224642,-19.65644845094787,6.0783611366970405,25.532960611006068,-6.530577697974393,13.934895370344382,-0.43364244051382617,-8.26298271858924,-5.5493432950382005,10.077626282612416,37.90891160077137
220,2018,3,19,-3.337085145864393,-19.264521521103216,5.201534217078252,7.41892603646761,18.12679269146511,-0.4482825004812896,0.4900431181209752,-9.607444024425703,-4.275878030434532,6.807160176864913,17.459395646883408
221,2018,3,2,-19.710093056549734,-20.388666612231567,7.73465703971119,23.288162614587478,-3.5598705501618144,10.810283956767533,4.39602329907598,-9.737365057199634,-2.2397272353183233,16.79642775360659,48.82303309174221
222,2018,3,20,-16.071222106601926,-15.488402046197415,6.518122881317834,13.360204369639472,-6.716723722544371,10.967358898352144,3.3172040579448003,-8.248773418883715,-0.7058873419658607,16.143528765218985,42.770406599866476
223,2018,3,21,-13.657227419799831,-18.812202239904217,5.144673673284039,5.365780893728566,-10.09399014175061,-2.1932200994133955,0.2878254977251471,-6.630252555297169,2.639223989364337,8.901110829684832,14.607677574819286
224,2018,3,22,-12.33970369104198,-13.880139000681082,2.24032350706862,10.772044946430137,-27.400665029962436,17.890083197409012,10.565683798819038,-2.7507783153309817,-0.7703061379977671,14.302113940397511,38.40834765017375
225,2018,3,23,-13.764230861496394,-17.930423782416185,0.7639601997096346,-11.79866070374075,-8.565781984079111,4.813239433032379,4.089436317720496,-7.408344450066706,-3.717863033521162,8.612981658057793,-1.6944187799151047
226,2018,3,24,-2.9612115070652534,-18.774303521014225,2.1533811862485708,6.6558259504317485,27.87186451509827,11.136524962536475,0.8437720948226479,-2.9048697621744,-4.359336392516767,8.213439404197697,25.58025454672284
227,2018,3,25,-12.04859777180176,-15.965385836773569,3.241034312689361,2.2332506203473823,-8.927167709080964,11.236236806711194,-0.9952590234280524,-6.132183908045974,2.431249999999996,15.177900703407786,27.007132556870193
228,2018,3,26,-0.04442751967503877,-19.207089809778854,0.12206286237412822,7.098468498920928,19.688385269121802,9.358675813455841,0.016033349366684213,-3.1849135673127305,-7.207634402228669,10.950717889018225,15.153389524833315
229,2018,3,27,-16.426081098457974,-17.579726221615427,-1.677282619842535,-1.2156959170619763,-4.02164847606985,20.914157247751827,-0.35869434506810016,-8.7171246031435,-2.83397816604648,12.600632578205586,11.977153717767706
230,2018,3,28,-12.987573150544396,-19.700126089578422,7.896877033181514,8.357077965812554,5.262416766943502,12.715331410604255,0.4429580445358683,-7.108030311930923,-3.180932257040081,5.434315714115279,40.32826389021094
231,2018,3,29,-9.312942979375515,-22.233655216083587,4.038037486218292,12.148993655323135,40.91839719216146,20.740740740740744,2.413159104340412,-11.469224964967117,-6.254484573068641,0.8537490720118779,35.95988645980513
232,2018,3,3,-13.200283419933855,-8.87602179836513,5.047566632596888,11.09917355371901,-16.26116373477673,-29.877583784868545,0.8838383838383868,-10.535233728695305,-2.8860489882854057,9.227611940298509,-20.49089179286248
233,2018,3,30,-13.569293085157685,-23.36047535211268,3.170071015447683,10.201027146001461,0.4701214120894415,23.6444248616198,3.147504658306888,-6.4467064467064406,-7.859094689319235,10.63612431731562,37.467193077172865
234,2018,3,31,-11.997899711210295,-20.85645508678575,7.448053848405035,8.330539725108954,13.441588785046712,10.036683785766675,-3.174702567313714,-14.327861817401564,-1.4952812844711283,13.795402839883895,37.14959195732076
235,2018,3,32,-3.636897297008834,-19.833040889030684,3.7178265014299328,0.8970387808202142,38.47022145775101,6.571686878448736,-0.01598399232767278,-2.5448298077955456,-3.2031033527292747,9.582078313253016,26.19369240094873
236,2018,3,4,-11.531144385505488,-17.211503010937687,3.750379593076203,0.2283005740128852,-26.205199556826678,-3.3951360462316504,0.7198024483791254,-7.845172771763308,-4.815151677277829,11.507169178007205,1.854499649209248
237,2018,3,5,-20.28464634847613,-28.4388622728646,8.698884758364311,30.96516590940381,3.81076045842037,12.876361306854589,-0.1177749592317423,-5.905489039273514,-2.9210152535046,10.268698931489627,51.84539388906129
238,2018,3,6,-15.641087759675365,-25.717434005653228,6.65626219274289,19.2606180330182,-3.656775043714045,12.67846944603084,-1.5430067725041852,-7.64306171730218,-3.807122209237957,9.457814769738151,37.52317050536573
239,2018,3,7,-10.422311784111429,-15.419050525190258,2.218393280206765,18.83679887474954,3.0704833824206634,12.574990023623764,-0.04288697632238714,-11.001802807152606,-4.7457650807849365,11.439030379043501,24.369941296724296
240,2018,3,76,-5.867958449860178,-25.135873032073693,3.4279757159501933,9.642396975265608,14.920112781954884,11.593440741980212,3.773191278137067,-10.877753681086645,-1.4884474061157116,11.018731514952364,29.500320041394
241,2018,3,77,-10.055981087976773,-15.554832536869679,1.2422035383187202,8.137942469062963,-8.123041966468147,-0.6260514122126026,-1.360117927260085,-7.131265547817334,-0.4155809147272871,10.717322884166824,2.7377058910411107
242,2018,3,8,-20.491490982981965,-22.768906297077432,6.9251860556208245,16.076373104103816,-10.421078105148515,16.019188642098552,1.0357979939147777,-9.612394171514136,-5.629078489967675,10.082563956562417,39.45155169883724
243,2018,3,9,-12.902428754476313,-13.710966652460899,7.683892672765835,-3.7949162087495987,-7.04914596103242,-4.729003977124291,1.2298332208846796,-9.81082799544023,-1.4487940247394635,81.53756490689537,64.53796832505768
244,2018,3,KALIMANTAN UTARA,-11.804308797127463,-17.966480446927378,4.7838434837488295,7.7366875968360125,-10.396604324180936,13.024326759435368,1.6789305389682818,-5.883657738590353,-1.8787171363459527,14.449624706543654,35.37171060815212
245,2018,4,-1,-0.9757933750289548,-10.442726633872102,3.457559869632987,1.1145024047354737,2.5179931594519145,10.065716865656672,1.4255510221398815,-7.753391419433108,-3.527846856746286,8.555579261787939,24.386767783869423
246,2018,4,10,-10.225301362057824,-11.940567589196982,5.592963265118512,-9.00041496928039,-11.809450875612526,14.641165273723967,1.3835939173270528,-5.318612869900507,0.5059678256357003,5.038356259182253,30.679528275386804
247,2018,4,11,-0.5155651211387058,-8.606412786243789,-5.591741403395822,-3.424791486914003,-11.383485455633535,14.93949641899961,-0.27420449636959,-8.403956746715702,-4.1121091108712635,7.539990309579481,-9.644755476716508
248,2018,4,12,-6.057080782144986,-17.191032692747356,2.8626735040178763,5.959726540685173,1.7466077909076283,5.355773898356286,0.8936573557928096,-10.393712597303253,-4.540608720780382,5.319076183590932,11.081067812126202
249,2018,4,13,8.755618478844074,-5.75543362752372,1.5645116299030093,15.070677630077126,-3.900432234181273,23.311542553376217,2.880264144194622,-8.817097916351758,-3.6827279319990303,10.114110303516613,42.268033480377724
250,2018,4,14,4.3530934906372165,-6.172495724245852,8.296762661900248,9.562251805238397,-2.6071603465908977,11.468258671289489,1.6062854415885175,-5.733369004677247,-2.8767540263956226,7.062013265229593,49.785573240148345
251,2018,4,15,-1.7825416584506315,-11.505889134544468,5.902687646013472,0.4036636116738324,-3.806710490546261,10.824350402526274,0.3681466115635912,-10.272097727333572,-5.470542582506321,8.235519471368981,29.83258883219225
252,2018,4,16,-9.635677424324117,-10.638477622658238,5.803195962994122,24.580692533621868,32.250389108538926,14.326140785284755,8.614730319261652,-4.902096930981803,-0.352639452874548,0.35504296698327664,50.50751854867789
253,2018,4,17,-27.016334702309,-12.403760573561527,4.38376148415569,29.405178881731644,4.977341050306161,21.960144287243892,-1.228384798584925,-5.688697557319401,0.07438591483972523,7.580240116524961,46.019302673917274
254,2018,4,18,-0.3375423540032729,-8.499752536500848,3.408924652523781,23.276358004204003,2.147307449798564,15.600022943861289,0.4315169329904167,-5.3789659224441895,-4.533962517503976,11.567945224620967,41.626495392000066
255,2018,4,19,4.455961927113883,-9.116085852757905,3.2395798034564383,-3.8810672442650462,-0.12910365178900873,-1.4740988302697544,-0.6740756882399945,-12.235009085402785,-5.9992815231708745,4.548119914974723,1.6089868671294658
256,2018,4,2,-1.4233541828489016,-8.120441870441864,7.4514279026217,6.637564521730787,-5.5727401840731,13.533823079277616,5.815587872915162,-8.800133876276007,-2.6053639846743253,10.01951540957016,48.5638665659727
257,2018,4,20,0.8278226794024013,-6.5659259259259315,10.528593842990851,-3.480927677754042,13.034352571770325,28.040848185247835,1.821884836141452,-6.175202439793881,0.242292013549994,17.412868794198076,82.90012742734191
258,2018,4,21,1.7379600912867943,-9.703424738142877,5.189053410893707,1.4314450109931265,-7.1226942674028395,-2.324018721905552,0.11740014429069134,-6.972133494878296,-0.8464328899637219,6.797101449275368,15.885208206093516
259,2018,4,22,1.8078237784906248,-9.805640070841461,1.2801687344678347,7.084684702465438,-7.461993379596087,19.738607059785767,7.31425698018211,-2.3810658460868157,-0.9602149380866898,3.991226074599519,34.252601309503014
260,2018,4,23,-8.007772550623848,-11.98776758409784,-2.4311897713673924,-7.736768676052253,-10.820324684004943,4.173755496144427,6.776416539050545,-11.500191350937614,-4.759095378564403,5.319886724845402,-14.129123499666386
261,2018,4,24,8.856352388945886,-8.699608699608696,3.4892697236375003,-16.039134301808478,6.700276467718336,6.640135201439246,0.8106291541349675,-3.78141437755698,-6.3683925672018855,7.640744797371313,17.251681683549183
262,2018,4,25,-2.9202055153612183,-12.254973991242244,1.4403728023723916,-3.766478342749524,-1.5541486697039586,6.134170445297049,-0.17543485826709834,-5.7149674879198304,0.01894537417113096,10.377326159224086,12.154151474533085
263,2018,4,26,7.008200971694144,-12.254195218084195,4.898182816204444,-4.050586751175633,6.582487770382994,4.605022415692983,-0.14917116092600935,-3.779231441510633,-9.017435461798083,8.185634208097213,21.74770789275555
264,2018,4,27,-1.5187177025943075,-5.397610514721607,-1.8516034629923128,-6.742753708361738,-6.776703730243449,14.250197819933222,-0.2564777566354093,-8.54418045951193,-1.8212101328375248,8.358873501515982,5.194433861980744
265,2018,4,28,-1.0983473196437887,-11.602539725328429,5.512997001728159,-4.371517962815341,2.4488451923565524,10.558834445568401,0.9185200493169176,-6.2597086540785005,-5.382140664789015,4.400748421940004,27.19001817023396
266,2018,4,29,8.275110037729759,-10.88490433884286,3.487332339791372,-5.413946152298987,16.560406276827845,14.921115907075832,1.2340489948061473,-10.005766537606064,-9.407872683448526,-4.534372048411539,18.915632156074484
267,2018,4,3,4.913613096714542,2.4737991748119192,4.083175559102337,7.917349512717631,13.562874689495953,1.0725342309210628,1.0856929955290529,-13.202074272331874,-3.3614836893525517,5.908362298739522,19.06804318464119
268,2018,4,30,2.4238040330685884,-13.218479880774956,2.1406480564371,-8.356188537824815,3.3904629382300437,19.12397612423447,4.363144709014311,-5.985154993456608,-8.939092162625181,8.350886773389,26.811307294200297
269,2018,4,31,-0.9201587547033596,-14.779192294855292,2.1829483254476307,-5.893430157099755,5.4838393010528295,7.407966564312528,-2.3363947762791715,-9.882546799256565,-1.47858379754231,6.591405583972709,9.916840474203005
270,2018,4,32,3.0101579856997907,-10.27914129146752,5.0791666168930485,-19.41868851043531,12.107946309568153,6.645822154708303,-0.12033882566492292,-2.627424943871304,-4.747237183908892,5.9412957215065445,20.65242927488596
271,2018,4,4,1.33703901061204,-7.689160748810552,3.4658109608231458,14.122254785771982,31.187891539353107,0.017255349481071214,3.5470150184898848,-7.505183183857622,-4.1523261989412585,10.95659635150732,24.674775732322587
272,2018,4,5,-6.548279689234192,-17.312863893893105,6.091445427728615,12.01152579582876,7.420687978607021,9.8524080787157,-0.10127980848909646,-6.996229576874735,-3.350433846348721,8.67397806580259,35.73212403285746
273,2018,4,6,-0.5916752665978575,-12.759477201490332,3.5378449206104667,4.303189797275797,1.7500904259759142,10.148941729814487,-1.2166163817186268,-7.8337795367244825,-5.157611079776913,7.143406974058952,22.113451789574132
274,2018,4,7,-0.025153248031450914,-8.979466897295616,2.849074609498325,4.173401604674432,-3.2190835844660315,6.0258621959635725,0.1813812513776325,-9.469288767858576,-6.25322654547642,7.846134627843004,14.458745771705495
275,2018,4,76,2.468179439894413,-22.256472400680906,2.2006436938751373,-2.496096694894512,10.074326359272568,12.39557436579233,3.667000842774271,-15.757486043369493,-2.5940224340045392,4.0549291141970265,15.627692705043565
276,2018,4,77,5.7851511169513925,-6.815119039979467,1.52678055624329,6.87390699168422,1.1838790931989918,-4.11190631099545,-0.4577348370743195,-7.764449291166852,-2.079971310740558,11.350216507020061,6.132959536639863
277,2018,4,8,-2.2949080622347906,-13.95640639564064,4.715005816207829,11.586221790303421,-5.024066331728916,15.154133452254849,1.6083900512873672,-10.284151706099165,-6.382846101103268,7.933995488900303,33.92069774239948
278,2018,4,9,-8.370626525630609,-10.305069445869144,7.345239693836447,-12.215830697713914,-2.470565258635116,-3.8966668698650175,0.4555808656036442,-10.485933503836321,-1.4410412685295193,49.296567248171066,41.207543136557184
279,2018,4,KALIMANTAN UTARA,0.6897010999256326,-7.693453455622167,3.906078951255454,12.522698714062177,2.180973401726316,15.460172066943477,2.6186821086815693,-3.7209218550479437,-1.0344575426148972,13.554899672618534,45.30849442487619
280,2019,1,-1,18.08059242368836,3.376701542202931,-0.7608147353677208,-16.1252312885801,-11.009818429997232,0.6019813616636505,1.9440738702878544,-4.978137370882997,-3.969002924573217,3.7217801146031126,-5.016675628705592
281,2019,1,10,17.02282037524947,1.8698378980923411,0.7646237079248053,4.500109568557686,10.81589829348817,-3.8009588297204684,1.04546565705812,-8.458679715665285,-2.8407958782841303,4.575460192493641,4.257692568257272
282,2019,1,11,26.082309155936727,4.497223272480033,-0.8256484250294571,-12.500084970109393,-25.588363235427128,5.1842937254714885,0.2001757707639218,-3.6281205541629946,-6.5435846669966375,3.8999385778174736,0.5306263211947589
283,2019,1,12,17.018588102284447,4.052233779839853,0.276043378245161,4.622162778804917,-1.7398508699254298,12.004679947042707,1.0785053185115243,-5.000000000000004,-5.1897502432695415,13.981621495870636,26.96147801635957
284,2019,1,13,23.2826371707175,6.043843474697819,-1.4500084302815686,-22.67259581547123,-17.420216627464647,-3.154716457277717,4.6765550721472815,-5.998523440383908,-5.0745301360985104,4.627238650562272,-12.396544523730096
285,2019,1,14,10.302723587944662,0.8575840157760473,-6.152871132539217,-20.87055307725426,-23.970362915660854,1.0117668219088882,0.3977470431643759,-1.3254614859912528,-4.476752915269512,2.8937674649560874,-31.01374031540928
286,2019,1,15,14.597269403543065,3.372180985525564,-2.6288053120663397,-22.52899252800164,-24.319785876862394,-2.363620723722326,1.1704151702327747,-3.066340263854584,-5.45380195966354,3.656048207889984,-21.136643819352948
287,2019,1,16,19.11280790204464,7.510712527867036,3.0075897926253425,-1.7754128381811896,9.196228817070383,5.2888661697527715,4.198370399821472,-5.477570949038746,-1.7502568521206352,-1.503615218887111,22.73255626156934
288,2019,1,17,23.24589035029172,8.184446652500753,-1.349963316214231,-10.463945954738897,2.4183605565638144,-7.518179219303068,2.9660549602518183,-3.6633588680301536,0.2934431315261277,1.8634106387440676,-8.365644356909263
289,2019,1,18,16.537228082377027,5.360159153184951,-3.9393499709808544,-32.274553684960075,-25.306143628061427,7.3105116370906,0.6012504092175686,-0.7117437722419906,-3.0443788839369823,4.652996845425862,-14.40094429533941
290,2019,1,19,13.401211143080992,0.0674588227236983,-1.1867563229200242,-28.317125468774236,-30.271332897667914,-3.2352642381884955,-1.7960948307495617,-4.589439508342297,-7.431553218801112,-3.9840634909296786,-29.31605590814145
291,2019,1,2,25.807191591370106,1.349741607532895,4.172697358704602,-30.653430116221706,-37.060035939088046,5.719920949300983,7.3273073375,-3.877035968327836,-1.013213431635096,8.301609855268,21.56867910842897
292,2019,1,20,20.026726316706856,1.4879186414198609,3.4559445963443736,-17.028330886378466,3.1263836225257524,14.275923514495249,2.623410859305242,-7.402059178924869,-0.3324882776568727,12.99903279415615,36.609456069301146
293,2019,1,21,19.585015000165537,5.926908524084729,-0.23840716765473055,-7.421686364328661,-12.160299568436795,-10.632920341469443,1.2213548765635631,-1.824017864840366,-0.5909667270389551,3.2980823103957446,-9.680735795723782
294,2019,1,22,16.92415730337078,-3.1928852602420177,-0.35087719298245723,-43.08828828828829,-1.4309781817425482,10.58275183878008,0.3643029515500329,-18.956949020045787,-0.7311956847467771,-2.3579545454545547,-12.229873930253847
295,2019,1,23,15.152647853144918,6.937047490489622,-5.137656990461936,33.473829636268896,16.13072140400389,1.2050756394675677,5.900264430139713,-10.404308128711993,-4.585817993259001,1.6857280500299998,-1.590111424636093
296,2019,1,24,12.707887190058374,-4.6434830764196295,2.3390024118170816,-33.440783834493125,-28.24359328156948,-0.07797444197055192,0.8197295006013405,-4.842168733950137,-6.8253732435434875,4.950231070031986,-6.987349080119616
297,2019,1,25,16.284463250887242,-0.1546548809234327,-1.0177330792679242,-9.573521444324651,-9.178328973813832,-4.169775701010792,-0.2788077867383221,-5.884056868815203,-4.583721954940024,1.5597908454523468,-13.771184943729752
298,2019,1,26,8.046932979976162,-2.568130051412432,6.6524787293364325,-29.96257798187644,-19.90415533835479,-0.4392211041203909,-0.4548937652385842,-3.8061984186529734,-8.114466083020677,2.53481425947244,7.8296204451478095
299,2019,1,27,26.312500070635906,6.758515703003477,-2.8641627141819392,-5.175232946658237,-19.776351756296503,6.844208419427211,0.841773297750259,-5.41109299508471,-2.317316480872833,5.07098724112971,1.2998589494295198
300,2019,1,28,13.25274752082748,8.278641789264384,-0.5991356123982161,-22.631000941324128,-15.120625043488634,-7.8364980903106956,1.4485842429833748,-2.5170180328027985,-6.755704319872736,3.7195921925155866,-18.61296965770588
301,2019,1,29,19.274254941212952,3.5779629779987943,0.3959974245644205,-29.954090101886806,-18.971856829115595,-8.210503635014232,-1.1606183115338895,-0.5758264278713288,-6.575673727532716,-0.007569838905252534,-20.4385798880352
302,2019,1,3,29.89010921035133,9.534796372806788,2.199675933774881,2.848107556521517,0.3986666919187032,27.795630656021,3.256646081263748,-11.351062418553104,-0.6904517709381053,19.83743861579372,61.933080084408466
303,2019,1,30,18.18478455272896,-2.433587270930848,-3.3172247067592364,-26.7055699271028,-17.398156673721342,2.9138309685154296,3.4475775424630983,-1.7173499864241104,-9.206613442047454,3.7786827151946154,-18.017149512451038
304,2019,1,31,5.410360929686763,-3.3144367115157563,-0.27170196992925,-28.315582195295768,-19.498166636595816,-10.719756538317435,-1.0337167869821084,-1.525662911118686,-3.839369907806267,2.30152365677625,-27.96978324239861
305,2019,1,32,11.979639584860655,-1.6949380963504623,0.499449292552745,-30.59476796767551,-27.806177559173058,0.42727462035030417,-1.5240111797347744,-2.037260474850489,-5.515884761481916,5.817194234651457,-10.558728702998591
306,2019,1,4,21.77245360003979,9.280301206559516,-3.9622561795141897,-12.172769945536688,19.80312487748481,0.2286152420500676,4.9534886895894035,-3.810225867724437,-0.3094898489399811,4.524396608451653,-5.10163851940726
307,2019,1,5,23.524861595898372,2.499989395141289,-2.905934487418127,-27.10277487569591,-24.094691169807824,-1.3917132689374556,0.6979916635089012,-4.822301492931702,-6.002177566442358,6.570458054554807,-19.817833841989945
308,2019,1,6,16.316486056326475,7.714167515878856,-5.164374961719842,-31.051190579140076,-24.61631641997456,-1.9141839971738683,-0.8388698066275846,-3.5466779884394173,-6.212565459622977,4.767756559967018,-33.34059955219604
309,2019,1,7,16.13344829843375,0.9724131639134326,-0.1884874100233636,-22.253123986704868,-24.696048581336843,-3.712414142167397,0.07759729222400757,-0.9905214748531675,-5.0130247053086,3.677188415229416,-12.646067772115616
310,2019,1,76,11.810016083187502,-2.583196654715325,0.35167454139664045,-10.190362178261104,2.1757035096405586,6.911965962636235,1.1474984145708245,-11.877194326637484,-3.2727896213409657,-12.362064112891494,-6.633554127318616
311,2019,1,77,27.07898177361954,10.250410789682762,-0.9950876675496656,-15.766201632008427,0.2983472177303437,-14.401773640490678,0.06243557711846925,-4.500017547952352,-2.221731561836016,3.697791887020552,-18.409686034753086
312,2019,1,8,19.494620011861397,3.4869084047514987,-4.6616535540614725,-29.54452955831335,-27.31656407744245,-0.8744447107221665,1.6022334971789398,-6.817786865452025,-5.182633659594826,4.290610889173063,-29.79414989381381
313,2019,1,9,17.97488226059656,2.5638064441621418,1.5337423312883347,6.508524414034889,11.995670315473372,-1.7241379310344749,6.739811912225702,-4.652252885685826,-4.311331552842423,-0.2590034533793806,12.270550590167508
314,2019,1,KALIMANTAN UTARA,26.002374474875747,10.350198571524484,0.3536128621724588,15.386180830800527,7.241264701224438,12.029327554057788,20.002792264347246,-1.4179203834376317,-1.5952043736244703,12.684203722854193,50.3562313772642
315,2019,2,-1,9.337763600921491,39.03709904038743,-0.1812568220801669,8.46384972580001,6.060385031938642,-4.129117918958003,1.949563130484666,-1.8101475244332368,-3.712397862474426,1.1560401236680342,6.467546899239581
316,2019,2,10,12.924314432268648,26.822167836266747,0.09560375594583892,1.641160402969977,28.62519162168251,-10.410942868013038,0.5311300737425917,-7.142883930948873,-3.1890484563257715,3.1407808378029145,-2.6783533526936383
317,2019,2,11,11.985449735449748,48.39136830106514,2.2524174125597707,17.36614673817256,-9.74669823572899,-6.7282170727543615,0.8586135822178821,2.1844422220915094,-7.514368691484396,-2.085708439299616,13.352287994228275
318,2019,2,12,8.854286370949202,28.90057510595639,0.3561479600832085,21.594940613913323,14.50778578558063,4.667094840505248,1.059761826723471,0.7877560207067313,-5.1882605383265945,10.73192013340998,29.590266682664534
319,2019,2,13,14.462595120621044,46.61828737300435,-1.3262599469495928,-12.21053123284792,-5.820248323412969,-6.379085436906284,4.228898169353501,-1.8626761036876995,-5.153256971603259,-0.05194226987719208,-7.3275465316395545
320,2019,2,14,6.706416652731683,35.6882947535647,-3.5459292595104164,9.03480716918146,-3.5740719099372815,-4.9227528822682896,0.20846220827133166,2.053130666389058,-4.2622994634540765,-1.3601617596291304,-10.656840812807204
321,2019,2,15,6.7793854819921275,40.01263768615455,-0.6744390521196131,6.10988757267048,-4.654334030134788,-7.622359968333104,0.36084209316180615,1.218416812369294,-4.734093958798291,-1.210305542018164,-3.9433601003269096
322,2019,2,16,14.748803274659126,42.06173271626545,2.054235343439026,-10.080378064690166,4.243443537956915,-0.3672904444370295,1.6028713790291915,-6.309323516329735,-2.095609986983793,-1.4400960996540313,11.077833983217065
323,2019,2,17,30.05436988290853,52.53328316661079,-1.2583063074140701,-16.798529689666186,0.11026910205478302,-19.651309084662586,2.845023627888965,0.6896339398417384,0.6876844878686894,3.6694308921235264,-12.035844746006234
324,2019,2,18,6.622656829173579,47.26892094580117,-2.142268762482935,11.36023032956228,-4.463729512598535,-3.632431701836481,0.6306308444768316,2.4331306543029285,-3.2869964044053064,4.4959537920038475,3.8586579344364487
325,2019,2,19,3.4826484340123587,37.5525191540444,-2.35403085034378,16.236072173100414,7.4333152876710615,-2.49091858081516,-1.7734270430846966,1.4546546284795567,-6.99510831586303,-3.954493478303001,-4.502463216123212
326,2019,2,2,10.429013140943043,49.36859317888256,5.197492602795628,10.587817603655324,-18.72675735991183,-2.7845195972096337,6.7312801000908316,-0.7499298666472254,-1.5322474922133122,1.3928447723778437,32.99492936450936
327,2019,2,20,21.39889923666414,45.27871827214586,0.017293558149567012,5.199951283206006,22.676934496965465,4.393692017567186,3.008819681816255,-4.114097641250692,-3.2439701371913765,5.136472537560731,25.300470706294927
328,2019,2,21,4.878632879101419,43.05055916996214,-0.5409721203825879,3.1347520231315595,-4.3493987240069245,-5.659386123912745,0.20748850599323632,1.7207770383813823,1.322325980060457,-0.3299029489180927,2.0425887626552788
329,2019,2,22,4.424520737663085,29.476827508376655,-0.17023972128195064,-36.66415343915344,9.129225013487185,-0.03152440246092514,1.2815914503882864,-16.851903797205342,-0.5991513499739698,-2.4191204417913226,-16.908905473699544
330,2019,2,23,9.759015733858512,29.55684435001791,-6.399255197596321,19.884058596667646,13.255781628911102,0.27515184433206663,4.318658280922438,-8.125796670876174,-5.459919876343332,-0.22243543873931013,-12.13569861808719
331,2019,2,24,3.20956235099954,39.31194125159643,3.3341991414534755,50.32560196765794,19.22627886457056,2.9263110034749795,1.6576635384462302,-1.8819445812295776,-5.897405965386926,11.122587288737517,49.01976695091177
332,2019,2,25,4.8133720718121165,35.944867010228634,-1.0405643738977008,15.104199775845494,2.9443052387066566,-5.039691955071102,-0.6356795251601155,-3.6818604052276767,-4.255952176609656,-1.7534893090448755,-2.4615292323191897
333,2019,2,26,1.9490016246685335,46.71405687526069,5.0967889812673315,21.387785019163186,6.275188240298535,0.11964437649463198,-0.4254676464847673,-0.18272039501826545,-7.160714370105724,1.8196573973466408,33.58788988317577
334,2019,2,27,10.37789873106092,37.827399222426855,-0.23913176773560085,12.921903939868027,-14.440184918150669,-11.563600881063595,1.5432726724690091,-0.3985333970986771,-2.824414989363455,1.4915084289026883,-2.3545818944150896
335,2019,2,28,3.7487368475528364,37.76732815367399,-1.067783132921141,15.854416646140466,5.99621667799921,-10.44891229189936,0.059198448401764914,1.7573136010656576,-5.680739014072344,-0.3408420453918537,-4.9538088028939455
336,2019,2,29,6.046642949912484,38.183733658588814,1.0273700184180168,21.970533372470662,4.064228879582177,-9.830900680048826,-2.5157026290544726,1.506782374252258,-6.212588130924046,-1.1905797076245062,3.99487370218503
337,2019,2,3,16.342691165260348,57.66039163438686,1.2492014847458988,19.37949598116728,27.95740021746425,15.045730977350006,6.2036000240804245,-4.368081507813526,1.71484035759899,23.26094408332036,66.06818974149773
338,2019,2,30,6.7892572453175815,39.3242645471986,-0.21217465661910184,10.578618997546439,-1.981250504457244,-4.7601359943246555,2.3544840538304523,0.929491000815874,-8.178738240905204,-0.042053513421314026,2.981706573654371
339,2019,2,31,6.369597885253907,36.52681428872411,1.2705054257503123,16.234575867013955,8.388037106369106,-9.406731149613822,-0.9828075668291693,-0.3859185171547264,-4.387666242113673,1.2632039047133279,6.267511582633903
340,2019,2,32,4.67444413824476,45.97663893987751,-1.0594084799309789,51.296083738374264,9.558632267495227,2.8895544121062766,-3.5394367053850133,0.5599945366386638,-4.788839574193106,3.3129576644842507,26.523482109989228
341,2019,2,4,10.793244211463392,44.51635336798277,-2.6038359297470115,-5.215516735861902,21.701607723253318,1.5596590435203341,8.059004398085069,-1.0575979800903856,-0.6504932695544974,1.9266463545809744,8.654622224869241
342,2019,2,5,6.232250448263187,35.091358985164305,-2.2073971031729145,3.820125783841544,-1.7348378949643142,-5.404717233985523,0.7850678733031691,-1.355944271711007,-6.473171663165943,-0.08636958057958166,-9.938078258472038
343,2019,2,6,6.106645952558342,43.38991146632221,-3.3293859828222083,5.548588996043601,-9.655454614728589,-7.318097633376531,-1.7372291047794808,-0.4125770475209234,-5.572862582208371,-0.3079097934460373,-16.148158890939936
344,2019,2,7,9.611223751252231,37.71084184321496,1.88912692620582,10.456433174879788,-1.5770084486745883,-6.354017354849639,-0.2807284865980808,3.36175284195086,-4.198669839526503,0.12110665758973127,11.738718791808221
345,2019,2,76,4.0323275777629055,13.78989822078398,-0.8175734846813554,31.67398283066001,42.015325889966114,8.580300543810537,-1.4289777694272865,-4.77990954397488,-2.193423294340724,-11.564062617926796,15.50180721000705
346,2019,2,77,24.560292032461444,51.54871494798143,0.744621914232324,-8.405518126403589,20.371633398505587,-18.428529676733167,0.1288134244477046,-5.551244038498527,1.4916622353117637,-1.614248028321097,-6.950647378075089
347,2019,2,8,5.284731371687902,50.83372311699994,-3.348028410482484,15.702619362271689,-9.305742780850846,-10.610876128117496,1.5823906117937714,-2.131941387334124,-3.9307644538433606,-0.4758348534746992,-13.470175532317393
348,2019,2,9,4.126929901974742,15.721105579117769,0.6635516012716279,3.077552504773151,4.227623977792772,1.0522265716484291,7.07513391194754,-2.270628323938728,-3.510015117157972,3.864734299516925,12.90804601098266
349,2019,2,KALIMANTAN UTARA,15.141951448964155,31.902841754320523,0.6432429152254393,18.663806412819127,13.957938459436846,3.9317844711284082,26.62825835827014,-0.3853678781051806,-1.7016673757829448,4.874998204552816,43.50641211210472
350,2019,3,-1,9.276142932212284,29.469419682389766,-0.02976995940460192,43.02405080095584,38.67920719750857,-6.697784635732394,1.9881305637982072,-0.2957998728984945,-3.0364018200910063,-0.6351105580549411,19.35626340882324
351,2019,3,10,8.801514239008878,14.919784151252834,-0.417483945154784,0.8899358818337033,45.3237273944285,-17.40685092584895,-0.9069283377936443,-5.1876070054456935,-3.4806203803599782,-1.813466430564048,-17.652167226946304
352,2019,3,11,10.58673361232383,32.521250559975186,2.481586145797632,50.22068908705233,42.268013156192325,-11.683264881354582,-0.7248784337290148,1.3134854587892208,-7.724141736483448,-3.171854693642784,21.850752955869474
353,2019,3,12,8.319615057352369,39.80422968462784,0.8880809420854341,21.414515417772066,44.89916386324389,-2.7007399958172136,1.6655293136982552,3.5823371752013555,-5.279072540713736,-1.9766744402820116,21.63022758892405
354,2019,3,13,18.444125222904702,27.04633937897636,-0.9626038781163416,49.63240083371329,47.320043103448256,-15.920450694679776,2.5030173876966044,2.1944015673236894,-3.3384099908620124,1.4549016762208875,13.401909829450748
355,2019,3,14,1.612848073130957,19.997818485908027,-4.007302953646175,49.960885001905616,53.82270819472046,-1.3708148441430756,2.0107777119637404,3.5363607993237567,-4.438078202002305,-1.7333999459802074,11.806580068219604
356,2019,3,15,3.2052309211666685,31.086754232681546,-0.5716876117560998,59.69324052544616,55.9812582518436,-5.308156169506562,0.07129946434698553,1.8089174348784545,-4.197128762964841,-0.9861325115562368,24.978131296468
357,2019,3,16,14.034503461603398,21.287979688670603,0.4855600364251256,-10.672457335272057,9.890304421894669,-10.096321288637355,1.1104099050366578,-4.13863163863164,-1.6673698644586232,-0.8122102009273546,-8.272623477716348
358,2019,3,17,20.11769352439949,27.63065853012354,-0.3257431672743616,30.938352059675807,15.477763018125136,-26.39135952990086,6.118621999852603,0.6521467538416648,1.0916818579007836,-2.0860121903370716,-5.7398151256364525
359,2019,3,18,7.083641458763101,35.90954851699839,-1.8767953478595945,54.024079042072884,69.73127976777612,-2.9450903853379558,1.4696077341926903,3.481245403285116,-0.907186162624818,1.8592867427179136,29.968910780397945
360,2019,3,19,-0.12257412053867656,37.52763448784082,-0.6923198678239317,69.81927737067113,38.36257893623107,-3.981491626562384,-1.1531366141239283,1.8813853748540053,-7.142227813657676,-5.472924530917645,22.327744965390853
361,2019,3,2,7.3889329204025245,38.69674054758801,3.4162403465652247,58.638544651178854,54.5306503661041,-6.430043333642532,6.6081023707523325,1.7030842495718843,-1.0795275028792184,-1.2629203850071158,46.146233944999935
362,2019,3,20,22.498575701467022,36.323095264286096,0.9748817399500842,26.0035855239396,31.23152421869111,-2.8868079958293773,4.384816359039667,-0.6194651740717538,-4.172254149936217,0.03216838463324656,26.533160836672145
363,2019,3,21,5.545106488575158,34.231570549955734,-1.0672308366441396,45.20694968386378,34.02363738994825,-6.123502895619715,0.03829349526467407,2.2153175573193407,2.164238873688351,-2.029652147322525,18.233199843425997
364,2019,3,22,5.6179571846617815,16.165868988928487,-0.771625468962045,-33.89573469461196,11.869528208428592,-5.672961184083402,0.5964450933614085,-16.120150857265138,0.6754302590849415,-4.525571377753778,-27.207339240570327
365,2019,3,23,8.335361314704537,17.012794159601462,-5.707427253937093,14.317059366715323,32.742673155660704,-4.710949015594101,4.353230738632119,-3.519800535794804,-4.775512979616813,-0.5667464677026168,-14.933998071816747
366,2019,3,24,4.683239542843887,35.17411548676919,3.2059911242603434,87.36160033647022,33.32666958205785,-1.1028315946348788,0.2954288397811977,-0.045780603020939566,-5.611736482745888,7.286982364212258,56.7190542249339
367,2019,3,25,4.7740807062840895,27.27140260842413,0.9280219125602728,39.308564373105845,48.236071984444465,-5.612609258052559,-0.6812623988820432,-3.4125566727235213,-4.322452740624905,-3.784026060622203,16.426417026816054
368,2019,3,26,-6.451687543249996,40.85253125260631,5.334669566430228,71.61896524125456,22.832150737137688,-1.8236726285232765,-0.30566076697767786,0.2106492987221653,-6.118476254405113,0.3673541490804677,49.36772164504281
369,2019,3,27,8.669145887947316,28.98172212744019,1.1143376878369526,39.98414063028262,29.410999783069315,-12.186581656796324,2.3278265050407527,2.2598233253350752,-2.650892335547561,0.1903532696928334,16.867887736510056
370,2019,3,28,3.769039251310424,26.284717044695192,-1.0576771982988231,58.67386728443643,40.75531494430918,-6.276921099804643,-1.34766149204939,3.126477142278339,-4.927936342242845,0.1857579319711089,19.184336377636395
371,2019,3,29,0.8326297291894713,36.370034933367826,1.0014795988244174,67.1338851377546,47.464247131807355,-9.769216336231157,-2.0453306831661022,1.7221560692329607,-6.235770301037191,-2.86863003187714,23.756462276961866
372,2019,3,3,11.768387254768589,29.32176782055716,1.2252964928282315,30.0451246127718,29.678888290286444,3.1217349040395304,7.221823890032032,-1.6487469409951938,7.652024735093987,17.803066052074357,51.46369451064824
373,2019,3,30,4.2577133584740245,32.22510859381656,1.1951726427303244,67.74908158802333,58.42187961004834,-5.420603154122561,0.551952189520688,1.5448402167185238,-5.240021023898843,-0.8312055098289141,35.02459128710698
374,2019,3,31,-3.7039864892197016,30.74816339864315,3.3623628637443166,70.3743866651631,37.68996801328759,-7.034723273837639,-0.5954070788991017,0.19410180952976752,-3.968720936853498,-2.90415850445972,35.00381183649983
375,2019,3,32,0.8691403775051176,40.01329896362513,-1.6033929461615082,77.75193220838503,33.35540716850265,1.7288284335234656,-2.616635563314562,1.3912647249964438,-4.126328291703585,2.9567987328171785,34.946999724262376
376,2019,3,4,12.558032634204563,26.680479603274353,-2.745028488367751,44.17813872956915,33.45919713668477,2.465358162799736,5.961645579692831,-0.4375030685221493,-0.7887248265881941,-1.9791849788461382,22.88285638758397
377,2019,3,5,9.132100991884595,28.2079312424608,-1.9203146374828892,61.72170679142137,67.93934903197739,-4.12599318955732,3.2927786499215017,-0.985062699778716,-7.151717557251924,1.366227288920574,25.104763338083394
378,2019,3,6,3.640322883880942,26.720358113019852,-2.204580288983793,63.97538041342136,59.686401891699816,-5.759064786013324,-1.1124868972205104,0.6570038152597935,-5.256946551649412,0.4793546190696274,18.734501683245572
379,2019,3,7,3.4126704963280963,27.40394657978131,2.984850757462132,59.81771891098733,56.247521326981705,-7.140762690718483,-0.24923261480453984,4.066800909688895,-4.747217574743578,-2.0649479109999698,35.81537341056606
380,2019,3,76,10.796148876305999,29.30383695539149,-0.9062460430873998,77.82759066562352,70.92386916127509,-0.08448435859418346,-1.4842669396352923,-2.895878195332036,-2.7520674794430766,-12.696888466117509,30.088541665823666
381,2019,3,77,36.77175748663497,49.25737355077944,0.03999393195515122,67.54699209152946,48.52781328146707,-22.892521468882517,2.0275555359639874,-8.877394045861953,0.6481384836489967,-4.889067045014016,16.604920030735816
382,2019,3,8,6.255186202434149,35.11065912783242,-2.1466774122646304,72.13168767986637,77.82186820149421,-6.672432511261627,2.324770941309562,0.33641270657251976,-3.2951939064543523,-0.20326959710539327,27.938085837056505
383,2019,3,9,9.545040211771916,10.771222400690439,0.12373744640441495,1.2863418563515694,4.774162113249592,-1.2475584399218698,4.494789525858933,0.2909057692737971,-2.6620002942292387,-1.6179419208038226,4.874871197320992
384,2019,3,KALIMANTAN UTARA,17.30818993401475,26.06748265147354,1.1393693400314708,51.10836431232728,44.77502328400871,-9.109606521445412,25.503565687406287,2.8097125075398304,-2.2875067088995342,2.0010606380379103,44.16424750186089
385,2019,4,-1,11.593906254568846,30.885122410546156,-0.12327078482399224,23.809741596158233,25.1898397363735,-3.9219707846220535,1.778505943458697,0.8967001434720291,-2.068221329656505,-1.3888888888888948,14.93608841742008
386,2019,4,10,12.2147723586028,14.274637942015335,-0.564221705940926,17.041655841344095,48.33961396245776,-11.474819424158154,0.4921748851074437,-4.440825190010866,-3.100733098017916,1.178515179492745,-0.40199996217291206
387,2019,4,11,19.46748964432814,35.789353780162834,2.0545820728101067,36.46823884173196,38.63170081056728,-1.9399090516113997,0.17808050501106898,4.3586562913947136,-6.038921941810981,-5.252259460736674,31.199154438640146
388,2019,4,12,9.948847115317916,37.46217677299828,0.8135186650944259,17.504208500908902,38.689953262817596,5.762828928385932,1.4603206952646717,4.976186969116725,-3.15380823520508,2.2136545998469486,33.95933380409594
389,2019,4,13,14.908607043842606,32.00750460726589,-0.6866227404169867,37.246099189995725,41.533852040841936,-11.5229099757696,2.4640688011386525,2.958965105671574,-2.3065181983015552,-0.4130155582912409,13.93232098123591
390,2019,4,14,6.8297276045915964,26.032979925464378,-1.4501143422548934,18.738867427677096,18.951698415760568,0.18330821225116534,1.121512198449803,4.076248113663628,-3.4086448729142678,-3.779842019328361,8.845045512476133
391,2019,4,15,8.636207130837594,30.755407473848397,-0.2399262780552358,14.982238510582825,22.73777117225764,-2.971178883725312,0.13006500009182798,2.3160533052374976,-2.8120420576368765,-3.892340104629888,8.846238818820455
392,2019,4,16,22.097681554722115,28.697707397778306,1.5898251192368873,-18.67293285561398,-17.27990909582815,-5.681466584158423,-0.03633036411098134,-3.1152647975077885,-1.3941018766756021,-0.9441827973950544,-1.7287274287050605
393,2019,4,17,34.6522009743953,35.27829607130879,-0.785419692261391,27.70918407878495,22.966261654816343,-26.57824536937493,3.791782816209377,2.0088810177046224,1.0238731424028646,-1.7594238391832162,-2.895230211928263
394,2019,4,18,8.54407559075867,36.51023319653011,-1.9100169779286968,31.81428616299993,26.38741691714888,-1.9371283886278845,0.6865546682780499,2.4558353255301317,-1.2244963570530176,0.05811361211167654,15.332086065417284
395,2019,4,19,6.593953059961043,34.88519049881458,-1.0380688784747851,16.652018128062164,14.014767157471118,4.293063998327384,-1.6157812617215048,5.122776553351582,-4.984384631189641,-6.624171554509206,11.50499602860675
396,2019,4,2,16.785943861152774,32.35389904107109,0.7935167989194802,32.959649061727546,31.88927234011309,-3.6316239826478025,5.215924786898762,2.3132347364429373,-0.3429878048780477,2.6994215525244503,31.290631764472064
397,2019,4,20,15.691799455888074,35.061592505375685,-1.1992755396739943,41.62817387675351,32.46160994346694,-5.4203708407416835,3.9749790886278498,0.0919097043197592,-4.325513196480946,-5.2296869821641385,15.484358385658766
398,2019,4,21,8.006441964799272,32.798957315086355,-0.8232262929680045,39.10436747682517,28.66673038325527,-6.26497449887321,0.3072407942403821,2.391664693345974,0.9658536585365862,-1.696295291084271,16.301393351163608
399,2019,4,22,6.998976822812407,23.453514385307738,-0.7394272755783969,-19.74419864183643,45.76996296424491,-4.7039578315990385,1.232228882432973,-15.147731776744854,0.16270457990368306,-4.730992860822836,-14.178731313127784
400,2019,4,23,13.6674496584124,22.841429606880517,-2.0638414396704774,29.512128527998136,30.615826985626192,-6.120329395151025,2.3028256167663352,-0.9002615518744594,-3.5631739857326483,-2.754773391677001,4.543338485381726
401,2019,4,24,7.521845907818836,30.642214027044076,2.2676413546173224,36.259079903147686,17.734665882814028,5.0304176678083845,0.3764639328695418,1.5975217153617158,-2.7360308285163777,7.9327607961251925,42.612304979941776
402,2019,4,25,8.797321380353186,27.735539404494762,1.635692907357145,27.74610737683993,31.18701793048182,-5.7161010450671474,-0.52794102998307,-1.8538437203416525,-2.639222124005547,-2.6919613748563886,16.35731257110206
403,2019,4,26,5.633271722954537,35.243204165278286,0.5425904542698756,15.729863473316374,5.4986537627287335,3.3950949966638384,-0.14301678751296176,1.2861022422841148,-3.562414239185685,0.5968993171824533,19.26785231875508
404,2019,4,27,17.218543046357613,30.664548060182643,1.5933359423044635,34.684792554706625,27.56730074711984,-2.8579610920807963,1.8550990693729783,2.2117596808169937,-2.6588336338102314,1.6987120827864688,31.153872631683
405,2019,4,28,6.036470538511018,26.421553437761517,-1.5132367026972404,22.463870158781038,24.661193328094555,3.083881159863422,-0.43800849852924095,4.2615034757101045,-2.757056451612905,-1.847583567547784,14.885821846866289
406,2019,4,29,6.2976171178473095,33.145493429522396,0.2842950009636969,14.731967254450407,21.679783120213443,-0.8454833867911682,-2.1441763601386388,2.0848335428541365,-2.2443648601621846,-0.5680568977241895,13.978838059954448
407,2019,4,3,10.51471391074761,29.165407090659308,0.7502048722342279,45.50290342574724,42.01009639340174,2.0236323419371205,6.4208426993411125,1.8669128388561385,5.535165491167171,12.588571810729608,51.958560852093676
408,2019,4,30,12.455598545590153,35.08607812476583,0.1126878616081184,25.725579832888698,32.797047450205355,-1.1516734691371044,0.20400430243405765,3.579010900033785,-3.2190327606286706,-2.2872344219152296,21.056112735101713
409,2019,4,31,6.715262546768153,27.591230747884012,1.2806079369546808,28.010491803278704,23.284048563529282,1.410600428349862,-0.3350163430893449,0.4218296862641635,-3.197006499048105,3.753922442180291,27.31932482309281
410,2019,4,32,4.258238034042061,35.507988505878494,-2.576047332375042,47.05024205844532,9.027334391456042,5.701158696550412,-1.6775953825242331,1.0942756282858346,-3.604259474325855,0.7685763565168591,20.930743273699935
411,2019,4,4,11.699648756212078,28.24393849818767,-2.2763210311631754,39.475391944928326,16.772854431743742,4.110969325195589,3.897456165018665,0.3877781039462791,-0.2987798568189648,-2.4865841000210165,21.90981950829823
412,2019,4,5,13.16593145571767,35.77518155983581,-1.5987765883497929,10.576475488154456,16.67326732673267,-2.1331761932822717,2.5522864232541576,1.3513513513513598,-5.504587155963292,-3.4580098800282344,4.0971553442893525
413,2019,4,6,9.97300851269982,36.345456394264986,-1.5409811657857486,14.431474755316474,12.337981952420039,-3.5014470750106885,-0.6391312340040423,2.6900732508209124,-3.462402537333153,-2.988720454055616,3.0142478817087035
414,2019,4,7,10.7379079587961,31.590910304110874,1.79571732111814,17.20193443367375,22.545016033107682,-2.382231558066228,-0.3225127715509979,5.155866363587425,-2.2874342608687925,-3.9199291438866246,20.37515759068064
415,2019,4,76,1.0644400975966972,25.6540733233146,0.008161559056851786,33.232641270424196,34.06475663398456,-1.1975081338747473,-1.5362092627482782,0.8517239295251501,-1.1651877554233137,-7.743831056563043,13.680987894236695
416,2019,4,77,21.201805994804808,41.56060966209119,-0.8611240763369166,44.040418186029214,54.66077924580899,-21.01261168189319,3.514072337189411,-5.97506464580202,0.7352231758727124,-6.652449702102637,2.9871209892247563
417,2019,4,8,7.270819007636352,42.9607099704179,-2.214322743094121,25.127411134765488,26.719195057892197,-5.02722981967808,2.0526231208636947,2.4118738404452778,-1.8310140488714377,-5.21337439507259,5.665952173962724
418,2019,4,9,15.893425570844922,17.965498922763622,0.024009942941072282,19.903029244108588,7.2065142714239805,-2.9664660361135016,7.029478458049887,0.1861751152073543,-2.1181927910444154,-0.5327961042277174,15.177636367870864
419,2019,4,KALIMANTAN UTARA,19.03816645796221,30.580273535869182,1.7941758848888378,45.30145853780097,37.028731336131735,-12.082079083713193,22.82279839535626,1.6364356030097669,-1.6360177792597907,2.4720550091255955,39.688813372352364
