Wilayah,Tahun,Bulan,Tanggal,Bawang Merah,Bawang Putih,Beras,Cabai Merah,Cabai Rawit,Daging Ayam,Daging Sapi,Gula Pasir,Minyak Goreng,Telur Ayam
Indonesia,2016,7,1,45300,43150,11550,32600,40250,40000,121100,17800,14200,25450
Indonesia,2016,7,11,46300,40900,11600,35050,41850,40700,121550,17550,14150,23750
Indonesia,2016,7,12,47550,39100,11600,33550,37450,38650,121450,17550,14100,24050
Indonesia,2016,7,13,47550,38600,11600,32200,36150,37700,120850,17550,14100,24000
Indonesia,2016,7,14,43950,38900,11500,34800,38050,40200,116600,17500,14000,23900
Indonesia,2016,7,15,43950,38950,11500,35600,37050,39550,116200,17500,14000,23850
Indonesia,2016,7,18,44250,39100,11450,33200,36300,35850,116300,17300,13550,22250
Indonesia,2016,7,19,44750,39300,11450,32700,36100,35950,116200,17300,13500,22400
Indonesia,2016,7,20,44250,37750,11350,31300,35350,38500,113700,17250,13450,22350
Indonesia,2016,7,21,44250,37600,11350,31600,35400,35350,115400,17250,13450,22700
Indonesia,2016,7,22,43900,37800,11400,32500,35800,34950,115500,17200,13400,22450
Indonesia,2016,7,25,44400,37600,11300,33750,36750,34800,116150,17150,13250,22550
Indonesia,2016,7,26,44450,37650,11400,33850,36650,34750,115450,17150,13300,22650
Indonesia,2016,7,27,44500,37650,11350,33700,36350,34800,115600,17150,13250,22700
Indonesia,2016,7,28,44650,37550,11300,33900,36600,34800,115400,17100,13250,22800
Indonesia,2016,7,29,44400,37450,11300,33650,36800,34650,115650,17100,13250,23000
Indonesia,2016,8,1,44200,37200,11300,34400,38150,34400,115550,17100,13250,22900
Indonesia,2016,8,2,43950,36900,11300,34250,38300,34200,115450,17050,13250,23050
Indonesia,2016,8,3,43700,37100,11300,33800,38300,34150,115350,17050,13250,23050
Indonesia,2016,8,4,43500,36900,11300,33800,39050,34050,115300,17050,13250,23100
Indonesia,2016,8,5,42900,36750,11300,34150,38950,34100,115350,17050,13250,23100
Indonesia,2016,8,8,42050,36850,11300,35350,40850,34250,115250,17000,13300,23000
Indonesia,2016,8,9,41900,36800,11350,35400,41200,34150,115050,16950,13300,22950
Indonesia,2016,8,10,42150,37000,11300,35400,41050,34000,114700,16900,13350,22850
Indonesia,2016,8,11,41900,37050,11300,35250,41050,33900,114700,16900,13350,22750
Indonesia,2016,8,12,40950,36200,11250,34650,39950,33950,115050,16750,13250,22400
Indonesia,2016,8,15,41200,36650,11300,34600,41600,34300,114750,16700,13400,22600
Indonesia,2016,8,16,40850,36600,11350,35450,42200,34900,115100,16700,13450,22800
Indonesia,2016,8,18,40350,36100,11300,35100,41200,34300,114150,16650,13500,22550
Indonesia,2016,8,19,40300,36150,11250,34550,40350,34150,113850,16650,13500,22400
Indonesia,2016,8,22,39700,35950,11350,36050,41100,34400,114400,16600,13550,22150
Indonesia,2016,8,23,39700,36000,11350,36400,41100,33900,114500,16600,13650,22250
Indonesia,2016,8,24,39850,35900,11300,35850,40500,33350,114150,16550,13650,22150
Indonesia,2016,8,25,39750,35950,11300,35850,40250,33150,114450,16550,13650,22150
Indonesia,2016,8,26,39800,36000,11250,35700,39850,32800,113650,16600,13700,22100
Indonesia,2016,8,29,39750,35750,11300,36450,39300,32300,114600,16450,13700,21850
Indonesia,2016,8,30,39650,35600,11300,37100,39050,32100,114450,16450,13700,21850
Indonesia,2016,8,31,40000,35650,11300,37300,38950,31850,114450,16450,13750,21800
Indonesia,2016,9,1,40100,35950,11250,37650,38100,31600,114000,16350,13700,21700
Indonesia,2016,9,2,40500,36000,11300,38100,38250,31500,114050,16300,13750,21750
Indonesia,2016,9,5,41850,36650,11250,41750,38950,31600,114100,16250,13750,21850
Indonesia,2016,9,6,42050,36850,11250,43000,38900,31600,114150,16250,13750,21850
Indonesia,2016,9,7,42550,36950,11250,44700,38450,31700,114650,16200,13750,21850
Indonesia,2016,9,8,42550,37000,11250,45550,38150,32100,114300,16200,13800,21800
Indonesia,2016,9,9,42800,37150,11150,47150,37950,32300,114150,16250,13800,21800
Indonesia,2016,9,13,43000,37550,11150,47150,37550,33150,115150,16250,13800,21850
Indonesia,2016,9,14,42500,37500,11250,46100,38100,32850,115450,16200,13800,21800
Indonesia,2016,9,15,42450,37300,11250,44550,37550,32750,114900,16200,13800,21850
Indonesia,2016,9,16,42350,37200,11250,43450,36400,32500,114450,16200,13750,21850
Indonesia,2016,9,19,42000,37250,11250,39650,34100,32200,114000,16150,13750,21800
Indonesia,2016,9,20,41700,37200,11250,38550,33500,32000,113850,16100,13800,21800
Indonesia,2016,9,21,41800,37150,11250,41750,32650,32100,114000,16100,13800,21750
Indonesia,2016,9,22,41750,37200,11250,37900,32050,32150,114050,16100,13750,21700
Indonesia,2016,9,23,41700,37250,11250,37550,31700,32050,114200,16050,13750,21750
Indonesia,2016,9,26,41200,37200,11250,37650,31550,32050,113950,16000,13700,21600
Indonesia,2016,9,27,40600,36950,11250,37850,31250,31850,114000,16000,13700,21550
Indonesia,2016,9,28,40300,36900,11250,38450,31000,31650,114200,16000,13750,21550
Indonesia,2016,9,29,40050,37100,11250,39400,31200,31500,114200,16000,13700,21450
Indonesia,2016,9,30,40000,36900,11250,40100,31350,30900,114150,15950,13700,21450
Indonesia,2016,10,3,38800,36600,11250,41000,31100,30800,114200,15900,13650,21500
Indonesia,2016,10,4,38700,36650,11250,41650,30900,30750,114250,15900,13650,21450
Indonesia,2016,10,5,38300,36700,11250,41650,31650,30650,114350,15900,13700,21700
Indonesia,2016,10,6,37800,36500,11200,41750,31450,30650,114200,15850,13700,21650
Indonesia,2016,10,7,37700,36650,11200,41950,31350,30750,114050,15850,13700,21650
Indonesia,2016,10,10,37200,36600,11200,45400,31750,30800,114000,15800,13700,21600
Indonesia,2016,10,11,37100,36600,11200,46800,32200,31000,114000,15800,13700,21550
Indonesia,2016,10,12,36750,36750,11200,46950,32250,31100,113950,15750,13650,21600
Indonesia,2016,10,13,36600,36950,11200,47400,32600,31200,114000,15750,13650,21600
Indonesia,2016,10,14,36800,36950,11200,47500,33200,31250,113950,15800,13650,21600
Indonesia,2016,10,17,36650,37000,11200,48850,35700,31800,113850,15750,13650,21550
Indonesia,2016,10,18,36500,36900,11200,49700,35900,31800,113950,15750,13650,21550
Indonesia,2016,10,19,36550,36950,11250,50000,36250,31950,113850,15700,13650,21550
Indonesia,2016,10,20,35850,36800,11250,50350,36750,31750,113900,15700,13650,21550
Indonesia,2016,10,21,35700,36650,11250,50550,36900,31850,113800,15700,13600,21450
Indonesia,2016,10,24,35550,36800,11250,51250,38350,31500,113900,15700,13600,21450
Indonesia,2016,10,25,35950,36850,11200,51700,38550,31400,113950,15650,13600,21450
Indonesia,2016,10,26,36600,36850,11250,52050,38750,31050,113900,15650,13600,21450
Indonesia,2016,10,27,36450,36700,11250,51650,39150,31000,113900,15650,13600,21450
Indonesia,2016,10,28,36750,36700,11250,51350,39350,30850,113950,15650,13600,21350
Indonesia,2016,10,31,37550,36700,11200,53050,40300,30650,113900,15600,13600,21400
Indonesia,2016,11,1,37750,36700,11200,53050,40450,30600,113700,15600,13600,21350
Indonesia,2016,11,2,38150,36950,11200,54500,41550,30650,114050,15600,13650,21300
Indonesia,2016,11,3,38350,37050,11200,55800,42300,30600,113750,15650,13600,21300
Indonesia,2016,11,4,39250,37150,11200,56750,43600,30750,113900,15550,13600,21250
Indonesia,2016,11,7,40600,37200,11250,58500,47100,32750,112800,15550,13600,21450
Indonesia,2016,11,8,40950,37300,11200,58850,47750,32850,112800,15550,13600,21450
Indonesia,2016,11,9,41200,37350,11200,58850,47250,32900,112800,15500,13600,21450
Indonesia,2016,11,10,41800,37450,11200,57800,47400,32900,112750,15500,13600,21450
Indonesia,2016,11,11,42350,37700,11200,57700,47900,33000,112750,15500,13600,21400
Indonesia,2016,11,14,43500,38050,11250,57500,47700,33100,112550,15500,13600,21400
Indonesia,2016,11,15,43550,38350,11250,57900,48400,33250,112550,15450,13600,21400
Indonesia,2016,11,16,43500,37900,11250,58500,48350,31350,114000,15500,13600,21200
Indonesia,2016,11,17,43550,38100,11250,57950,47900,31500,113350,15450,13600,21200
Indonesia,2016,11,18,43800,38100,11250,58100,47550,31400,113350,15500,13600,21350
Indonesia,2016,11,21,43650,38100,11250,58550,47650,31500,113600,15450,13600,21150
Indonesia,2016,11,22,43600,38400,11250,58100,47250,31200,113500,15450,13600,21350
Indonesia,2016,11,23,43450,38350,11200,57100,46250,31050,113450,15450,13600,21350
Indonesia,2016,11,24,43300,38400,11250,55950,46050,30950,113550,15450,13600,21350
Indonesia,2016,11,25,43150,38450,11250,55150,45950,30950,113500,15450,13600,21350
Indonesia,2016,11,28,42850,38550,11250,52850,45150,30750,113450,15400,13600,21400
Indonesia,2016,11,29,42500,38550,11200,52350,45700,30850,114050,15450,13600,21200
Indonesia,2016,11,30,42450,38850,11250,51150,44350,30800,113450,15450,13600,21300
Indonesia,2016,12,1,42100,38750,11200,50950,44850,31000,113600,15400,13600,21300
Indonesia,2016,12,2,42100,38750,11200,50450,44950,31000,113400,15450,13600,21350
Indonesia,2016,12,5,41600,38800,11200,50750,44650,31200,113300,15400,13750,21300
Indonesia,2016,12,6,41200,38700,11150,51200,45700,31500,113850,15400,13700,21500
Indonesia,2016,12,7,41200,38950,11200,50450,46050,31550,113550,15400,13700,21650
Indonesia,2016,12,8,41100,38900,11200,49950,47100,31650,113600,15400,13750,21800
Indonesia,2016,12,9,40900,38950,11200,49850,47450,31700,113450,15400,13750,21900
Indonesia,2016,12,13,41150,38850,11200,48200,49800,32250,113400,15400,13900,22350
Indonesia,2016,12,14,40700,38750,11250,47850,50250,32350,113350,15450,13650,22500
Indonesia,2016,12,15,40650,38900,11200,47650,50650,32450,113400,15400,13650,22550
Indonesia,2016,12,16,40550,39000,11200,47700,51600,32550,113400,15450,13650,22700
Indonesia,2016,12,19,39850,38650,11200,47200,53500,32950,114350,15450,13650,23300
Indonesia,2016,12,20,39800,38900,11200,46450,53850,33000,113800,15450,13650,23400
Indonesia,2016,12,21,39250,38950,11250,46300,55300,33350,113900,15400,13700,23750
Indonesia,2016,12,22,39150,38850,11200,45500,56050,33450,113850,15450,13700,23750
Indonesia,2016,12,23,39550,39050,11250,45500,57000,33500,113850,15450,13750,24000
Indonesia,2016,12,27,38400,39450,11200,42900,59000,34000,114200,15450,13750,24050
Indonesia,2016,12,28,38200,39550,11200,42500,61100,34200,113950,15450,13750,24150
Indonesia,2016,12,29,38050,39450,11150,42200,60950,34200,113600,15500,13700,24100
Indonesia,2016,12,30,38150,39050,11200,41800,61750,34500,114200,15450,13750,24200
Indonesia,2017,1,3,37300,39150,11200,43050,65650,34700,113750,15450,13700,23550
Indonesia,2017,1,4,37350,39400,11200,42400,69750,34550,113700,15450,13750,23350
Indonesia,2017,1,5,37000,39300,11200,42000,73750,34600,113450,15450,13750,23350
Indonesia,2017,1,6,37100,39400,11200,42150,76050,34650,113500,15450,13750,23200
Indonesia,2017,1,9,36700,38900,11200,43800,74800,34500,113500,15450,13800,22600
Indonesia,2017,1,10,36600,38950,11200,45150,73350,34400,113350,15450,13800,22500
Indonesia,2017,1,11,36350,39150,11200,45250,72500,34450,113350,15400,13800,22450
Indonesia,2017,1,12,36150,39050,11200,44600,71800,34600,113200,15400,13750,22400
Indonesia,2017,1,13,35850,39100,11200,44300,72000,34600,113200,15400,13800,22350
Indonesia,2017,1,16,35800,38750,11250,42800,72200,34500,113200,15400,13800,22300
Indonesia,2017,1,17,35800,38900,11250,42700,73350,34350,113200,15400,13800,22250
Indonesia,2017,1,18,35850,38900,11250,42800,73150,34400,113150,15400,13800,22250
Indonesia,2017,1,19,35650,38850,11250,42950,74200,34450,113200,15400,13800,22250
Indonesia,2017,1,20,35600,38850,11250,42750,74400,34250,113150,15400,13800,22200
Indonesia,2017,1,23,34850,38650,11250,44050,76200,33700,113100,15450,13800,22200
Indonesia,2017,1,24,34900,38600,11250,44850,77450,33300,113200,15400,13800,22050
Indonesia,2017,1,25,34800,38550,11250,44400,77500,33150,113000,15400,13800,22000
Indonesia,2017,1,26,34800,38500,11250,44850,77550,32850,113050,15400,13800,22050
Indonesia,2017,1,27,34500,38400,11250,44550,77850,32700,113050,15400,13800,22050
Indonesia,2017,1,30,34000,38450,11250,45950,78700,32200,113050,15400,13800,21950
Indonesia,2017,1,31,34050,38550,11250,45800,79500,32050,113050,15400,13800,22000
Indonesia,2017,2,1,34000,38500,11250,46550,80250,32000,113300,15400,13850,22000
Indonesia,2017,2,2,34250,38450,11250,47050,80750,31850,113050,15400,13900,21900
Indonesia,2017,2,3,34400,38500,11250,46500,81400,31850,112900,15400,13850,21850
Indonesia,2017,2,6,34650,38650,11250,47500,85750,31550,113250,15400,13900,21750
Indonesia,2017,2,7,34900,38700,11250,47350,87450,31400,113150,15400,13900,21750
Indonesia,2017,2,8,35100,38600,11250,47500,88200,31500,113150,15400,13900,21650
Indonesia,2017,2,9,35100,38700,11250,46850,87400,31400,113100,15400,13950,21600
Indonesia,2017,2,10,35200,39000,11250,46500,88150,31250,113200,15400,13950,21600
Indonesia,2017,2,13,35950,39400,11250,43200,86600,30950,113050,15400,14000,21550
Indonesia,2017,2,14,36450,39500,11250,42650,85850,30800,113000,15400,14000,21500
Indonesia,2017,2,15,42350,40000,10600,41450,85100,31600,113150,15550,13850,23750
Indonesia,2017,2,16,37000,39300,11250,42550,84600,30750,112850,15350,14100,21350
Indonesia,2017,2,17,37100,39250,11250,42150,83850,30800,112950,15350,14050,21350
Indonesia,2017,2,20,37450,39400,11250,41250,84650,31000,113200,15350,14050,21300
Indonesia,2017,2,21,37350,39400,11350,41450,84300,31050,113150,15400,14050,21250
Indonesia,2017,2,22,37250,39400,11250,40750,84800,31200,113000,15400,14050,21200
Indonesia,2017,2,23,37250,39400,11250,40150,84100,31350,113050,15400,14050,21150
Indonesia,2017,2,24,37350,39400,11300,39400,83650,31350,113150,15350,14050,21150
Indonesia,2017,2,27,37850,39350,11250,39400,83850,31250,113100,15350,14050,21050
Indonesia,2017,2,28,37900,39150,11300,38900,82800,31150,113200,15300,14050,21050
Indonesia,2017,3,1,37900,39250,11250,38050,82400,31200,113450,15350,14050,20950
Indonesia,2017,3,2,38350,39250,11250,38450,82200,31050,113100,15350,14050,20950
Indonesia,2017,3,3,38200,39250,11250,38200,82800,30900,113100,15350,14050,20950
Indonesia,2017,3,6,38600,39200,11250,40800,84750,30950,113250,15350,14050,20850
Indonesia,2017,3,7,38900,39000,11250,41150,83750,30950,113450,15350,14050,20900
Indonesia,2017,3,8,39050,39000,11250,40850,84350,30900,113400,15350,14050,20750
Indonesia,2017,3,9,39000,39000,11250,41000,84350,30900,113600,15350,14050,20700
Indonesia,2017,3,10,38900,39100,11250,40950,83400,30950,113600,15350,14050,20650
Indonesia,2017,3,13,38750,38950,11200,40100,81500,31200,113600,15300,14050,20650
Indonesia,2017,3,14,38650,38950,11200,39350,80900,31250,113600,15300,14050,20700
Indonesia,2017,3,15,38350,38850,11200,39400,79650,31400,113550,15300,14050,20750
Indonesia,2017,3,16,38150,38800,11200,38700,78500,31550,113500,15300,14050,20800
Indonesia,2017,3,17,37950,38750,11200,38350,77600,31600,113500,15300,14050,20800
Indonesia,2017,3,20,37250,38800,11200,38000,73300,31550,113450,15300,14000,20850
Indonesia,2017,3,21,37000,38750,11200,38000,72750,31450,113500,15300,14050,20850
Indonesia,2017,3,22,36650,38450,11200,37450,69950,31350,113500,15300,14050,20850
Indonesia,2017,3,23,36450,38350,11200,37100,68150,31250,113450,15300,14050,20850
Indonesia,2017,3,24,36200,38300,11200,36800,65450,31150,113500,15250,14050,20800
Indonesia,2017,3,27,36350,38400,11250,36650,63050,31100,113700,15300,14000,20900
Indonesia,2017,3,29,35800,38350,11200,35700,61100,30950,113750,15300,14000,20850
Indonesia,2017,3,30,35600,38300,11200,35150,59050,31100,113350,15350,14050,20750
Indonesia,2017,3,31,35500,38300,11200,34750,58950,31050,113200,15250,14050,20750
Indonesia,2017,4,3,35100,39050,11200,34650,56800,30900,113250,15200,14050,20600
Indonesia,2017,4,4,35200,39250,11200,33850,56200,30900,113300,15200,14050,20650
Indonesia,2017,4,5,35000,39650,11200,34050,55600,30850,113500,15250,14050,20700
Indonesia,2017,4,6,35000,39600,11200,33550,55200,30750,113300,15200,14050,20600
Indonesia,2017,4,7,34850,39700,11200,33400,54650,30850,113350,15200,14050,20650
Indonesia,2017,4,10,34750,40250,11200,33700,53300,31050,113250,15200,14050,20600
Indonesia,2017,4,11,34800,40250,11200,33950,53750,31250,113250,15200,14050,20550
Indonesia,2017,4,12,34800,40700,11200,33800,53200,31350,113250,15150,14050,20500
Indonesia,2017,4,13,34550,40900,11200,33700,53150,31400,113050,15150,14050,20500
Indonesia,2017,4,17,34050,41100,11150,32550,51150,31450,113200,15150,14050,20450
Indonesia,2017,4,18,33650,41000,11150,32450,50250,31500,113250,15150,14000,20450
Indonesia,2017,4,19,33500,40700,11150,32300,49500,31500,112800,15150,14050,20550
Indonesia,2017,4,20,33200,41350,11150,32300,49550,31500,113250,15100,14000,20450
Indonesia,2017,4,21,33050,41800,11150,32000,49300,31550,113300,15100,14000,20450
Indonesia,2017,4,25,32900,45200,11150,31600,47500,31550,113150,15100,14000,21050
Indonesia,2017,4,26,32800,46450,11200,31950,46850,31650,113150,15100,14000,20950
Indonesia,2017,4,27,32700,47200,11150,31900,47000,31650,113150,15100,14000,20900
Indonesia,2017,4,28,32700,47850,11200,31900,46350,31700,113000,15100,14000,20900
Indonesia,2017,5,2,32400,50150,11150,31700,46250,31800,113300,15100,14000,20950
Indonesia,2017,5,3,32000,51100,11150,31650,45900,31800,113300,15100,14000,21000
Indonesia,2017,5,4,32000,51550,11200,31750,46100,31850,113100,15100,14000,21000
Indonesia,2017,5,5,32200,51500,11200,31900,46150,31950,113250,15100,14000,21100
Indonesia,2017,5,8,32250,52200,11200,32900,46100,32100,113350,15100,14000,21200
Indonesia,2017,5,9,32050,52850,11200,33150,45700,32150,113350,15100,14000,21300
Indonesia,2017,5,10,32150,52950,11200,33400,45350,32200,113350,15100,14050,21400
Indonesia,2017,5,12,32000,53000,11200,33300,45250,32350,113400,15100,14050,21650
Indonesia,2017,5,15,31400,53700,11200,33300,45000,32600,113200,15100,14050,21800
Indonesia,2017,5,16,31350,54150,11200,33250,44750,32850,113300,15100,14050,22000
Indonesia,2017,5,17,31350,53900,11200,33350,44750,33050,113300,15100,14050,22100
Indonesia,2017,5,18,31300,53950,11200,33250,44800,33150,113400,15100,14050,22100
Indonesia,2017,5,19,31000,54200,11200,32750,44200,33250,113400,15050,14050,22200
Indonesia,2017,5,22,31000,54500,11250,32500,43800,33350,113550,15050,14050,22300
Indonesia,2017,5,23,31150,54750,11200,32400,43900,33400,113550,15050,14050,22450
Indonesia,2017,5,24,31150,54850,11200,33050,43750,33550,113600,15050,14050,22400
Indonesia,2017,5,26,31050,56150,11200,34450,43450,33850,115150,15050,14050,22500
Indonesia,2017,5,29,30500,55350,11200,34850,46800,33850,114600,15100,14050,22500
Indonesia,2017,5,30,30650,54750,11200,34050,45350,33900,114500,15050,14050,22600
Indonesia,2017,5,31,30700,54200,11200,33650,44300,33850,114450,15100,14050,22600
Indonesia,2017,6,2,30750,53350,11200,32300,41100,33500,114350,15050,14050,22600
Indonesia,2017,6,5,31250,52800,11250,31200,40000,33050,114500,15050,14100,22350
Indonesia,2017,6,6,31300,52850,11250,30150,39250,32750,114000,15050,14100,22300
Indonesia,2017,6,7,31600,52250,11250,29600,38600,32700,114000,15050,14100,22250
Indonesia,2017,6,8,30900,51000,11250,28150,37750,32400,114300,14950,14050,21700
Indonesia,2017,6,9,31550,51700,11250,28500,37650,32350,114050,15050,14100,22150
Indonesia,2017,6,12,32000,49700,11250,28350,38250,32300,114150,15050,14050,21950
Indonesia,2017,6,13,31850,48900,11250,28100,37750,32300,114100,15050,14050,22000
Indonesia,2017,6,14,31800,47950,11250,28350,37550,32250,114250,15050,14050,22100
Indonesia,2017,6,15,31400,46750,11200,27950,36800,31800,114400,15000,14000,22250
Indonesia,2017,6,16,32200,46600,11250,28700,37500,32300,114350,15050,14050,21950
Indonesia,2017,6,19,33450,44300,11250,30250,39400,32750,115550,15050,14100,22050
Indonesia,2017,6,20,33900,43700,11250,31200,39900,33300,115450,15050,14100,21950
Indonesia,2017,6,21,34550,42600,11250,33500,41400,33550,116800,15000,14100,21950
Indonesia,2017,6,22,35400,42500,11250,35850,42700,35200,118300,15000,14100,22000
Indonesia,2017,6,23,40500,66250,9750,32250,41150,38000,124400,14750,13500,20500
Indonesia,2017,7,3,38000,39400,11250,32450,40800,34700,115350,15000,14050,21850
Indonesia,2017,7,4,38000,38600,11250,32350,39850,34250,114800,15000,14050,21650
Indonesia,2017,7,5,37900,38750,11250,32350,40050,34300,115850,14950,14050,22250
Indonesia,2017,7,6,37550,38050,11200,32000,40400,33900,115000,15000,14000,22150
Indonesia,2017,7,7,37550,37900,11200,31700,41000,33850,114850,15000,14000,22100
Indonesia,2017,7,10,37750,36450,11250,32450,42100,33300,114700,15000,14050,21800
Indonesia,2017,7,11,38000,36350,11250,32200,43000,33050,114800,15000,14050,22000
Indonesia,2017,7,12,37850,36400,11200,32200,42400,33000,114750,15000,14050,22000
Indonesia,2017,7,13,38050,36250,11250,31900,43250,32850,114550,14950,14050,22100
Indonesia,2017,7,14,37850,36150,11200,31900,43450,32650,114400,14950,14050,22150
Indonesia,2017,7,17,37450,36000,11250,32100,44650,32800,114450,14950,14050,22150
Indonesia,2017,7,18,37350,35850,11250,31950,44700,32600,114100,14950,14050,22250
Indonesia,2017,7,19,37150,35800,11200,32000,44900,32700,114500,14950,14050,22350
Indonesia,2017,7,20,36450,35150,11200,31800,43800,32450,114650,14900,13950,22600
Indonesia,2017,7,21,36850,35500,11200,32350,43900,32650,114450,14950,14050,22400
Indonesia,2017,7,24,35950,35000,11200,33000,44000,33050,114000,14900,14000,22650
Indonesia,2017,7,25,35950,35100,11200,32950,44200,32950,114300,14900,14000,22700
Indonesia,2017,7,26,35600,35050,11200,33000,44050,33300,114350,14900,14000,22800
Indonesia,2017,7,27,35300,35100,11200,32900,43250,33450,114400,14900,14000,22900
Indonesia,2017,7,28,35000,34900,11200,32800,42650,33550,114350,14900,14000,22850
Indonesia,2017,7,31,33900,34150,11200,32400,42700,34500,114400,14900,14000,22900
Indonesia,2017,8,1,33650,34100,11200,32600,42300,34950,114200,14900,14000,22850
Indonesia,2017,8,2,33500,33950,11200,32750,41700,35000,114200,14900,14000,22850
Indonesia,2017,8,3,33150,33950,11200,32850,41500,35050,114250,14900,14000,22800
Indonesia,2017,8,4,32650,33750,11250,32650,41400,35100,114050,14900,14000,22800
Indonesia,2017,8,7,31850,33150,11200,33100,40550,35200,114300,14900,13950,22700
Indonesia,2017,8,8,31650,32650,11200,33000,39900,35200,114000,14900,14000,22650
Indonesia,2017,8,9,31350,32500,11200,32700,39050,35150,114150,14850,14000,22700
Indonesia,2017,8,10,31050,32350,11200,32400,39000,35150,114100,14900,13950,22600
Indonesia,2017,8,11,31000,32200,11250,32850,38800,35250,114100,14900,13950,22650
Indonesia,2017,8,14,30250,31550,11200,31900,36300,35050,114100,14850,13950,22450
Indonesia,2017,8,15,30300,31450,11200,31800,36200,34850,114150,14850,13950,22350
Indonesia,2017,8,16,29950,31250,11200,31750,35850,34700,114150,14850,13950,22550
Indonesia,2017,8,18,29850,30900,11200,31250,35050,34400,114050,14850,13950,22500
Indonesia,2017,8,21,29250,30150,11200,31650,34900,33950,114150,14850,13950,22100
Indonesia,2017,8,22,29150,30100,11200,31750,34900,33850,114100,14850,13950,22100
Indonesia,2017,8,23,28950,29900,11200,31600,34700,33750,114150,14850,13950,22300
Indonesia,2017,8,24,28850,30000,11200,31450,33850,33800,114050,14850,13950,22350
Indonesia,2017,8,25,28750,29550,11200,31150,34100,33500,114050,14850,13950,22250
Indonesia,2017,8,28,28250,29150,11200,31500,33400,32950,114600,14800,13950,22150
Indonesia,2017,8,29,28350,29250,11200,32150,33700,33150,114500,14800,13950,22200
Indonesia,2017,8,30,28200,29250,11200,33250,33800,33350,115450,14800,13950,22250
Indonesia,2017,8,31,28450,29300,11200,34350,34400,34100,117650,14800,13950,22350
Indonesia,2017,9,4,28250,29150,11200,34850,34750,33250,115000,14750,13950,22350
Indonesia,2017,9,5,27950,28950,11250,33750,34550,33150,114800,14750,13950,22350
Indonesia,2017,9,6,28000,28850,11200,33200,34200,33000,114700,14750,13950,22300
Indonesia,2017,9,7,28000,28800,11200,32700,34150,32750,114600,14750,13950,22300
Indonesia,2017,9,8,27700,28500,11250,32200,33650,32500,114450,14750,13950,22300
Indonesia,2017,9,11,27800,28350,11250,32550,33400,32350,114550,14750,13950,22250
Indonesia,2017,9,12,27400,28150,11250,31900,32650,32100,114400,14750,13900,22250
Indonesia,2017,9,13,27550,28100,11250,32150,32850,32100,114350,14750,13950,22350
Indonesia,2017,9,14,27600,28050,11250,32300,32750,31950,114400,14750,13950,22200
Indonesia,2017,9,15,27600,28000,11250,32150,32850,32000,114350,14700,13950,22450
Indonesia,2017,9,18,27000,27700,11250,32050,32500,32000,114350,14700,14000,22250
Indonesia,2017,9,19,27100,27800,11250,32300,32900,32000,114300,14700,13950,22250
Indonesia,2017,9,20,26800,27550,11250,31950,32250,32100,114300,14700,13950,22250
Indonesia,2017,9,22,26800,27350,11250,31400,32050,32200,114300,14700,13950,22350
Indonesia,2017,9,25,26300,26950,11300,30950,31550,32050,114300,14650,13950,22300
Indonesia,2017,9,26,26150,26900,11300,30900,31250,32050,114400,14650,13950,22350
Indonesia,2017,9,27,25950,26800,11300,30800,30900,31900,114350,14650,13950,22350
Indonesia,2017,9,28,25900,26600,11300,30850,31100,31800,114350,14600,13950,22300
Indonesia,2017,9,29,26050,26900,11300,31350,31450,31050,114500,14650,13950,22250
Indonesia,2017,10,2,25250,26350,11300,32450,31550,30750,114100,14600,13950,22200
Indonesia,2017,10,3,25100,26200,11300,33050,31500,30700,114300,14600,13950,22150
Indonesia,2017,10,4,24800,26000,11300,33350,31550,30600,113950,14650,13950,22200
Indonesia,2017,10,5,24800,26000,11300,33350,31550,30600,114250,14650,13950,22050
Indonesia,2017,10,6,24650,25800,11350,33800,31700,30450,114250,14600,13950,22050
Indonesia,2017,10,9,24100,25200,11350,34250,31250,30450,114250,14600,13950,22000
Indonesia,2017,10,10,23950,25150,11350,34600,31150,30500,114200,14600,14000,22000
Indonesia,2017,10,11,23800,25050,11350,34250,30800,30750,114050,14600,14000,22000
Indonesia,2017,10,12,23650,24900,11350,34100,30700,30750,114250,14550,14000,22050
Indonesia,2017,10,13,23700,24900,11350,33750,30600,30750,114250,14550,13950,22050
Indonesia,2017,10,16,23600,24700,11350,33100,30400,30800,114250,14550,13950,22000
Indonesia,2017,10,17,23450,24550,11350,32900,30300,30700,114150,14500,13950,21950
Indonesia,2017,10,18,23250,24400,11350,32800,30000,30750,114100,14500,13950,21900
Indonesia,2017,10,19,23300,24350,11350,32550,30050,30800,114150,14500,13950,21950
Indonesia,2017,10,20,23300,24450,11350,32350,30000,30700,114150,14500,13950,22150
Indonesia,2017,10,23,23300,24250,11350,30900,29850,30750,114050,14550,13950,21600
Indonesia,2017,10,24,23450,24150,11350,31100,29800,30650,112650,14500,13950,21600
Indonesia,2017,10,25,23600,24150,11350,31050,30000,30650,113900,14500,13900,21500
Indonesia,2017,10,26,23500,24000,11400,30950,30000,30600,114450,14500,13950,21600
Indonesia,2017,10,27,23350,23700,11350,30100,29300,30450,114050,14450,13900,21600
Indonesia,2017,10,30,23700,23900,11400,30700,29500,30800,113900,14500,13950,21950
Indonesia,2017,10,31,24000,23850,11400,30700,29600,30850,113850,14500,13950,21650
Indonesia,2017,11,1,24450,24050,11400,31350,30050,30700,113950,14450,13950,21900
Indonesia,2017,11,2,24350,23650,11400,30950,29450,30900,113700,14450,13950,21800
Indonesia,2017,11,3,24350,23600,11400,31000,29250,30650,113850,14450,13950,22000
Indonesia,2017,11,6,25000,23650,11400,32650,30350,30800,113950,14400,13950,21700
Indonesia,2017,11,7,25600,23800,11450,33600,31000,31100,114200,14450,13950,21850
Indonesia,2017,11,8,25000,23200,11350,32850,30100,30500,114050,14350,13900,21600
Indonesia,2017,11,9,25400,23550,11400,33150,30600,30800,113950,14400,13950,21450
Indonesia,2017,11,10,25500,23700,11400,33050,30750,30800,113900,14400,13950,21700
Indonesia,2017,11,13,25950,24150,11400,34550,31650,31050,113850,14400,13900,21700
Indonesia,2017,11,14,25950,24200,11400,34650,31500,31150,113850,14400,13950,21500
Indonesia,2017,11,15,26100,24350,11400,34700,32200,31350,113900,14350,13900,21750
Indonesia,2017,11,16,26050,24350,11400,34650,31900,31300,113900,14450,13950,21850
Indonesia,2017,11,17,26150,24500,11400,34800,31800,31450,113750,14450,13950,21900
Indonesia,2017,11,20,26450,24800,11400,35900,32150,31350,114000,14400,13900,22050
Indonesia,2017,11,21,26600,24850,11450,35850,31850,31450,113950,14400,13900,22200
Indonesia,2017,11,22,26400,24800,11450,36050,31700,31500,113950,14400,13900,22100
Indonesia,2017,11,23,26100,24550,11400,36000,30950,31250,114100,14300,13850,22400
Indonesia,2017,11,24,26250,24850,11450,35800,31650,31550,114150,14400,13900,22400
Indonesia,2017,11,27,26150,24650,11450,37200,31600,31500,114250,14400,13950,23050
Indonesia,2017,11,28,26400,24650,11450,36650,31650,31550,113850,14400,13900,23200
Indonesia,2017,11,29,26450,24750,11450,36900,31800,31350,114300,14400,13900,23200
Indonesia,2017,11,30,26300,24700,11450,37100,31700,31650,114250,14400,13900,23250
Indonesia,2017,12,1,29050,28050,10750,34550,29400,30450,111800,15400,14150,27100
Indonesia,2017,12,4,26500,24700,11500,37700,33300,32000,114250,14400,13950,23450
Indonesia,2017,12,5,26550,24750,11500,37700,33600,32150,114250,14400,13950,23500
Indonesia,2017,12,6,26300,24600,11500,37700,33050,32200,114300,14400,13900,23600
Indonesia,2017,12,7,26400,24650,11500,37400,32900,32150,114250,14400,13900,23700
Indonesia,2017,12,8,26550,24650,11500,37100,32750,32250,114350,14400,13900,23950
Indonesia,2017,12,11,26400,24650,11500,35900,32500,32650,114350,14350,13900,24000
Indonesia,2017,12,12,26350,24600,11500,35450,32700,32900,114350,14350,13900,24200
Indonesia,2017,12,13,26350,24650,11550,35250,32600,32950,114350,14350,13900,24450
Indonesia,2017,12,14,26350,24600,11550,35000,32800,33150,114350,14350,13950,24550
Indonesia,2017,12,15,26400,24600,11550,35000,32950,33250,114350,14350,13900,24950
Indonesia,2017,12,18,26300,24550,11550,35700,35050,33650,114350,14350,13900,25150
Indonesia,2017,12,19,26350,24550,11600,35050,35300,34100,114250,14350,13950,25450
Indonesia,2017,12,20,26350,24500,11600,35050,36400,34350,114400,14350,13950,25600
Indonesia,2017,12,21,26450,24450,11600,35400,37700,34500,114450,14350,13950,25900
Indonesia,2017,12,22,25950,24050,11550,36150,39150,34500,115300,14200,13850,25850
Indonesia,2017,12,27,26450,24350,11650,37800,42750,35100,114500,14350,14000,26650
Indonesia,2017,12,28,26450,24300,11700,37950,43400,35200,114450,14300,13950,26900
Indonesia,2017,12,29,26400,24250,11700,37450,43000,35250,114400,14300,13950,26850
Indonesia,2018,1,2,26250,24100,11750,38650,44300,35150,114350,14250,13900,26600
Indonesia,2018,1,3,26250,24100,11750,38900,44950,34900,114000,14250,13900,26450
Indonesia,2018,1,4,26350,24200,11750,38650,45700,34650,114400,14250,13850,26200
Indonesia,2018,1,5,26450,24150,11800,38200,45350,34700,114350,14250,13900,26250
Indonesia,2018,1,8,26550,24250,11850,38450,44550,34800,114250,14250,13850,26000
Indonesia,2018,1,9,26400,24150,11850,38750,44600,35050,114250,14200,13850,25900
Indonesia,2018,1,10,26400,24200,11850,38700,44250,35250,113900,14200,13850,25750
Indonesia,2018,1,11,26250,24250,11900,39000,44200,35250,114050,14200,13900,25700
Indonesia,2018,1,12,26250,24250,11950,39100,44150,35150,113800,14200,13850,25700
Indonesia,2018,1,15,26000,24000,11950,40000,44250,34850,114000,14200,13850,25350
Indonesia,2018,1,16,26000,24150,12000,39750,43750,34700,114300,14200,13850,25200
Indonesia,2018,1,17,25800,24150,12000,39700,43450,34500,114300,14150,13850,25050
Indonesia,2018,1,18,25700,24050,12050,39550,43300,34350,114250,14150,13850,24950
Indonesia,2018,1,19,25850,24100,12050,39550,43050,34700,114250,14150,13850,24850
Indonesia,2018,1,22,25550,24150,12050,39850,42900,33950,114250,14150,13850,24800
Indonesia,2018,1,23,25400,24100,12100,40100,42950,33900,114250,14150,13850,24800
Indonesia,2018,1,24,25200,24150,12100,40150,42100,33700,114250,14150,13850,24600
Indonesia,2018,1,25,25200,24100,12100,40200,41900,33450,114500,14150,13850,24550
Indonesia,2018,1,26,25200,24100,12100,40300,41500,33100,114300,14150,13850,24500
Indonesia,2018,1,29,25050,23900,12100,40500,41200,32550,114200,14150,13850,24200
Indonesia,2018,1,30,25100,23950,12100,40700,41200,32500,114250,14150,13850,24150
Indonesia,2018,1,31,25050,23950,12100,40400,41250,32300,114300,14050,13800,24000
Indonesia,2018,2,1,25000,24000,12100,40200,40600,32400,113850,14100,13800,23900
Indonesia,2018,2,2,25000,24050,12100,39800,40200,32500,114100,14100,13800,23850
Indonesia,2018,2,5,25150,24350,12100,39100,40150,32450,114100,14050,13750,23650
Indonesia,2018,2,6,25050,24500,12100,39100,40300,32600,114150,14100,13800,23550
Indonesia,2018,2,7,25000,25050,12100,39000,40000,32650,114000,14150,13800,23600
Indonesia,2018,2,8,25150,25500,12100,39300,40500,32500,114100,14100,13800,23500
Indonesia,2018,2,9,25400,26150,12100,39900,40600,32600,114100,14100,13800,23400
Indonesia,2018,2,12,25550,28150,12100,40850,41600,32550,114050,14100,13800,23450
Indonesia,2018,2,13,25650,28600,12100,41100,42200,32600,113850,14100,13800,23500
Indonesia,2018,2,14,25750,29050,12100,41300,42550,32500,113850,14100,13800,23400
Indonesia,2018,2,15,25700,29400,12100,41350,42950,32450,113900,14100,13800,23500
Indonesia,2018,2,19,25950,30250,12100,42000,44150,32050,114000,14100,13800,23350
Indonesia,2018,2,20,26000,30400,12050,41800,44350,32000,113950,14100,13800,23300
Indonesia,2018,2,21,26150,30600,12050,41500,45250,31850,113800,14100,13800,23200
Indonesia,2018,2,22,26200,30800,12050,41050,45350,31700,113800,14100,13800,23200
Indonesia,2018,2,23,26250,31100,12050,40650,45050,31700,113650,14100,13800,23250
Indonesia,2018,2,26,26400,31200,12050,40250,45300,31450,113850,14050,13800,23150
Indonesia,2018,2,27,26450,31250,12000,40350,45750,31400,114000,14050,13800,23150
Indonesia,2018,2,28,26400,31300,12000,40000,45750,31350,113850,14100,13850,23150
Indonesia,2018,3,1,26400,31300,12000,40250,45800,31150,114100,14050,13800,23100
Indonesia,2018,3,2,26500,31400,12000,40700,45600,31250,114100,14100,13800,23150
Indonesia,2018,3,5,26650,31600,12000,41850,46850,31150,114150,14050,13800,23050
Indonesia,2018,3,6,26700,31500,11950,41800,47650,31250,114150,14050,13800,23000
Indonesia,2018,3,7,26750,31600,12000,41850,47450,31250,114150,14050,13800,22950
Indonesia,2018,3,8,26900,31600,11950,42050,47350,31400,114150,14050,13800,22900
Indonesia,2018,3,9,27050,31700,11950,42500,48150,31500,114150,14000,13800,22850
Indonesia,2018,3,12,27400,31900,11950,44200,50000,31750,114250,14000,13800,22800
Indonesia,2018,3,13,27400,31950,11950,44700,49650,31900,114250,14000,13800,22700
Indonesia,2018,3,14,27450,32000,11900,44750,49400,31650,114450,13950,13750,22450
Indonesia,2018,3,15,27700,32150,11950,44800,48850,32000,114200,14000,13800,22650
Indonesia,2018,3,16,27500,32400,11900,45750,48800,31900,114350,14000,13700,22500
Indonesia,2018,3,19,28200,33550,11950,44550,47400,32150,114050,14000,13800,22600
Indonesia,2018,3,20,28350,33750,11950,44300,46900,32100,114050,14000,13800,22550
Indonesia,2018,3,21,28400,34200,11950,44250,46700,32150,114250,14000,13750,22500
Indonesia,2018,3,22,28600,34400,11950,44200,46250,32250,114050,14000,13800,22550
Indonesia,2018,3,23,28650,34850,11950,43700,45950,32300,114100,14000,13800,22500
Indonesia,2018,3,26,29700,35700,11900,43850,45050,32500,114200,14000,13750,22500
Indonesia,2018,3,27,29950,35700,11900,43750,45100,32500,114200,14000,13800,22450
Indonesia,2018,3,28,30700,36050,11850,43300,44400,32700,113950,14050,13800,22500
Indonesia,2018,3,29,31050,35700,11900,43200,45000,32600,114100,14000,13750,22400
Indonesia,2018,4,2,33150,35500,11900,43400,44600,32750,114250,14000,13750,22700
Indonesia,2018,4,3,33700,35600,11900,43700,44700,32750,114200,14000,13750,22500
Indonesia,2018,4,4,33700,35250,11900,43650,44750,32900,114300,13950,13750,22550
Indonesia,2018,4,5,34400,35350,11850,44000,44550,32800,114300,14000,13750,22450
Indonesia,2018,4,6,34950,35100,11850,44000,44450,32800,114250,14000,13800,22400
Indonesia,2018,4,9,35800,35150,11850,44300,44700,33050,114250,14050,13800,22800
Indonesia,2018,4,10,36150,35050,11850,44400,44900,33000,114350,13950,13750,22900
Indonesia,2018,4,11,36650,35400,11850,44400,44600,32900,114350,13950,13750,23000
Indonesia,2018,4,12,37000,35450,11850,44500,44450,32900,114350,14000,13750,23100
Indonesia,2018,4,13,37550,35800,11900,44200,44550,33300,114400,14000,13750,23250
Indonesia,2018,4,16,37500,35150,11800,43450,42450,33400,114350,14000,13750,23250
Indonesia,2018,4,17,37500,34950,11800,43050,42000,33450,114350,14000,13750,23400
Indonesia,2018,4,18,37500,34750,11800,42250,41400,33650,114350,14000,13750,23500
Indonesia,2018,4,19,37750,34750,11800,41800,40850,33700,114350,14000,13750,23600
Indonesia,2018,4,20,37850,34800,11800,41300,40500,33650,114450,13950,13750,23600
Indonesia,2018,4,23,37600,34450,11800,39750,38450,34150,114350,14000,13750,23700
Indonesia,2018,4,24,37700,34450,11750,39600,38100,34150,114300,14000,13750,23800
Indonesia,2018,4,25,37450,34200,11750,39550,37650,34100,114300,13950,13750,23850
Indonesia,2018,4,26,37500,34150,11750,39550,37650,34000,114550,14000,13800,23950
Indonesia,2018,4,27,37150,33500,11750,38950,36450,34000,114050,13950,13750,23750
Indonesia,2018,4,30,37100,32600,11750,39600,35750,34400,114400,13950,13750,23900
Indonesia,2018,5,2,36750,32000,11750,39500,35500,34600,114350,13950,13800,24050
Indonesia,2018,5,3,36600,31500,11750,39400,35350,34600,114350,13950,13800,24200
Indonesia,2018,5,4,36600,31050,11800,39250,35350,35000,114400,13950,13800,24400
Indonesia,2018,5,7,36700,30100,11750,39500,34600,35000,114200,13950,13750,24650
Indonesia,2018,5,8,36850,29900,11750,39200,34400,35250,114550,13950,13750,24800
Indonesia,2018,5,9,36800,30000,11750,39000,34600,35550,114600,13950,13750,24950
Indonesia,2018,5,11,36650,30000,11750,39450,34700,35950,114650,13950,13750,25250
Indonesia,2018,5,14,36400,29350,11750,40800,34850,36650,115150,13950,13750,25650
Indonesia,2018,5,15,35850,28800,11700,40800,34750,36800,116050,13950,13700,25550
Indonesia,2018,5,16,36150,29250,11750,40500,35050,37050,116950,13900,13700,25800
Indonesia,2018,5,17,36300,29300,11750,41000,35200,37050,116650,13950,13750,25850
Indonesia,2018,5,18,36050,29100,11650,41350,36150,37000,116300,13900,13650,25700
Indonesia,2018,5,21,36400,29050,11700,40150,37000,36600,115800,13950,13750,25800
Indonesia,2018,5,22,36250,28750,11700,40050,36250,36500,115400,13950,13750,25700
Indonesia,2018,5,23,36250,28550,11700,39350,35600,36050,115250,13950,13750,25700
Indonesia,2018,5,24,36050,28450,11700,38000,34950,35900,115350,13900,13750,25650
Indonesia,2018,5,25,36300,28600,11700,38250,35200,35650,115450,13950,13800,25700
Indonesia,2018,5,28,36050,28400,11700,36750,35150,35500,115250,13950,13750,25700
Indonesia,2018,5,30,36300,28800,11700,35850,35700,35200,115800,14000,13750,25700
Indonesia,2018,5,31,36050,28450,11700,35000,35400,35100,115500,13950,13750,25500
Indonesia,2018,6,4,35900,28350,11700,34450,36250,35100,115850,13900,13750,25250
Indonesia,2018,6,5,35800,28050,11700,34250,36400,35100,116100,13900,13750,25150
Indonesia,2018,6,6,35750,28150,11700,35300,37350,35350,115950,13950,13750,25250
Indonesia,2018,6,7,35400,27800,11650,34850,37200,35350,116000,13800,13650,24950
Indonesia,2018,6,8,35650,28350,11700,35750,38700,35600,116050,13900,13750,25150
Indonesia,2018,6,11,35950,28750,11700,43600,42650,37000,118850,13900,13750,25150
Indonesia,2018,6,12,36150,29000,11700,46300,43800,38050,120300,13900,13750,25300
Indonesia,2018,6,13,35500,28400,11600,47650,44300,38900,122450,13800,13600,24800
Indonesia,2018,6,18,36150,29650,11700,46550,46900,39500,118550,13900,13750,25300
Indonesia,2018,6,19,35850,29650,11700,44800,47000,39300,118150,13900,13750,25250
Indonesia,2018,6,20,35750,29450,11700,43050,45650,39200,117450,13950,13800,25350
Indonesia,2018,6,21,35650,29300,11700,40900,44500,38950,117450,13900,13750,25150
Indonesia,2018,6,22,35400,29050,11700,38950,42750,38750,117050,13900,13750,25100
Indonesia,2018,6,25,34650,29000,11700,36500,40350,38200,116450,13900,13750,25000
Indonesia,2018,6,26,34450,29100,11700,35800,40400,37900,116350,13900,13750,24950
Indonesia,2018,6,28,34100,29050,11700,34800,40200,38850,116100,13900,13750,25000
Indonesia,2018,6,29,34050,29050,11700,34450,41500,37450,116050,13900,13750,25100
Indonesia,2018,7,2,33300,28950,11700,35400,44700,37100,115800,13850,13700,25500
Indonesia,2018,7,3,33100,28900,11700,35400,45250,37100,115550,13850,13700,25600
Indonesia,2018,7,4,32950,28900,11700,35500,45600,37100,115500,13850,13700,25700
Indonesia,2018,7,5,32800,28750,11700,35550,47000,37100,115500,13850,13700,25800
Indonesia,2018,7,6,32400,28650,11650,34800,47300,37050,115250,13800,13650,25850
Indonesia,2018,7,9,32100,28750,11650,38300,48900,37900,115650,13850,13700,26650
Indonesia,2018,7,10,31900,28750,11700,38500,49150,38150,115550,13850,13700,26700
Indonesia,2018,7,11,31750,28900,11650,38400,48800,38300,115200,13800,13650,26850
Indonesia,2018,7,12,31350,28950,11700,39250,49650,38450,115350,13850,13700,27050
Indonesia,2018,7,13,31250,28850,11700,39250,49900,38500,115350,13850,13700,27200
Indonesia,2018,7,16,30700,28500,11700,39750,51300,39100,115450,13850,13650,27200
Indonesia,2018,7,17,30250,28350,11700,39800,51100,39150,115500,13800,13650,27150
Indonesia,2018,7,18,29850,28200,11700,39650,51400,39100,115300,13850,13650,27350
Indonesia,2018,7,19,29500,28150,11700,39350,51400,39500,115600,13800,13650,27300
Indonesia,2018,7,20,29100,28000,11700,39900,51750,39750,115750,13800,13650,27200
Indonesia,2018,7,23,28600,27650,11700,39450,50600,41250,115700,13800,13650,27100
Indonesia,2018,7,24,28550,27600,11700,39050,49750,41400,115700,13800,13650,27000
Indonesia,2018,7,25,28400,27400,11700,37900,48950,41200,115600,13800,13650,26950
Indonesia,2018,7,26,28250,27300,11700,37350,48000,41350,115650,13800,13650,26900
Indonesia,2018,7,27,28000,27350,11700,36900,47400,40850,115600,13800,13650,26850
Indonesia,2018,7,30,27850,27050,11650,35800,45200,39950,115400,13750,13600,26350
Indonesia,2018,7,31,27700,27000,11700,36600,45100,39750,115450,13800,13650,26450
Indonesia,2018,8,1,27650,27050,11700,36450,44750,39250,115450,13800,13650,26300
Indonesia,2018,8,2,27750,27000,11700,36350,44300,39050,115600,13750,13600,26050
Indonesia,2018,8,3,27800,26950,11700,36800,44150,38850,115600,13750,13600,26000
Indonesia,2018,8,6,27600,27000,11650,37100,42200,38300,115450,13800,13600,25650
Indonesia,2018,8,7,27550,26800,11650,37150,41950,37900,115700,13750,13600,25450
Indonesia,2018,8,8,27450,26550,11650,36900,41800,37750,115450,13750,13600,25400
Indonesia,2018,8,9,27500,26750,11650,37000,41750,37700,115800,13750,13600,25300
Indonesia,2018,8,10,27100,26400,11650,36150,41350,37250,115950,13650,13500,25000
Indonesia,2018,8,13,27150,26700,11650,35800,41500,37100,115900,13750,13600,24950
Indonesia,2018,8,14,26950,26450,11600,35700,41450,37000,115600,13750,13600,25050
Indonesia,2018,8,15,27050,26500,11600,35450,41050,36800,115600,13750,13600,25050
Indonesia,2018,8,16,26900,26550,11650,34850,40850,36600,115950,13700,13550,25000
Indonesia,2018,8,20,27200,26800,11650,37600,41700,37550,116800,13700,13600,25150
Indonesia,2018,8,21,27350,27050,11650,38900,42550,38400,119250,13700,13600,25150
Indonesia,2018,8,23,26900,27050,11600,38200,42150,38050,117450,13750,13600,25200
Indonesia,2018,8,24,26600,26550,11650,37200,41850,37500,117300,13600,13500,24800
Indonesia,2018,8,27,26500,26650,11700,36300,39950,37100,116450,13700,13550,24900
Indonesia,2018,8,28,26350,26700,11650,35400,39400,37000,116300,13700,13550,24900
Indonesia,2018,8,29,26150,26550,11700,35050,39100,36850,116050,13700,13600,24950
Indonesia,2018,8,30,26050,26600,11650,33650,38500,36650,115800,13700,13550,24900
Indonesia,2018,8,31,25850,26500,11650,33250,37800,36450,115750,13650,13550,24950
Indonesia,2018,9,3,25300,26200,11700,31250,35950,35800,115900,13650,13450,24700
Indonesia,2018,9,4,24950,25950,11650,30700,35750,35400,115850,13600,13450,24650
Indonesia,2018,9,5,25150,26200,11700,31050,35800,35450,115700,13650,13550,24650
Indonesia,2018,9,6,25150,26350,11650,30850,35450,35250,115500,13650,13550,24600
Indonesia,2018,9,7,24950,26050,11700,30950,35700,35000,115700,13600,13500,24500
Indonesia,2018,9,10,24850,25950,11700,30500,35150,34650,115450,13600,13500,24350
Indonesia,2018,9,12,24500,25750,11700,30600,35050,34400,115450,13600,13500,24350
Indonesia,2018,9,13,24350,25700,11700,30550,34850,34200,115500,13600,13500,24300
Indonesia,2018,9,14,24300,25550,11700,30200,34550,33850,115100,13550,13500,24050
Indonesia,2018,9,17,23750,25400,11700,30300,34500,33900,115600,13550,13500,23950
Indonesia,2018,9,18,23600,25400,11700,30200,34650,33750,115450,13550,13500,23900
Indonesia,2018,9,19,23400,25350,11700,29950,34550,33750,115700,13550,13500,23750
Indonesia,2018,9,20,23250,25100,11700,29700,34700,33550,115600,13500,13500,23650
Indonesia,2018,9,21,23050,25200,11700,29650,34800,33550,115600,13550,13500,23650
Indonesia,2018,9,24,22800,25000,11700,29950,35800,33200,115750,13500,13500,23450
Indonesia,2018,9,25,22600,24900,11700,30000,35700,33050,115700,13500,13500,23300
Indonesia,2018,9,26,22450,24800,11750,30400,36050,33200,115850,13450,13450,23350
Indonesia,2018,9,27,22300,24650,11700,30100,35600,33000,115700,13500,13500,23200
Indonesia,2018,9,28,22200,24500,11700,30300,35500,33050,115750,13500,13450,23150
Indonesia,2018,10,1,21900,24400,11700,30850,35950,33600,115900,13500,13450,23100
Indonesia,2018,10,2,21850,24350,11700,31000,36250,33650,115850,13500,13450,23200
Indonesia,2018,10,3,21700,24250,11700,31250,36250,33750,115800,13450,13450,23250
Indonesia,2018,10,4,21550,24100,11750,31300,36150,33850,115900,13450,13450,23300
Indonesia,2018,10,5,21350,23900,11700,31100,36050,34000,116000,13450,13400,23300
Indonesia,2018,10,8,21500,24100,11700,31850,36750,34050,115700,13500,13450,23300
Indonesia,2018,10,9,21450,24050,11700,32500,36450,34250,115800,13500,13450,23250
Indonesia,2018,10,10,21650,24150,11700,32600,36450,34400,115750,13500,13500,23300
Indonesia,2018,10,11,21650,24100,11700,32600,36150,34450,116000,13450,13450,23350
Indonesia,2018,10,12,21700,24050,11700,32650,36100,34450,116000,13450,13450,23300
Indonesia,2018,10,15,22300,24400,11750,33400,36750,34700,115500,13450,13450,23350
Indonesia,2018,10,16,22500,24450,11750,33850,37050,34650,115700,13450,13450,23250
Indonesia,2018,10,17,22500,24450,11700,33300,36350,34350,115950,13300,13350,22950
Indonesia,2018,10,18,22600,24750,11750,33900,36650,34550,115550,13500,13450,23350
Indonesia,2018,10,19,22850,24850,11750,34050,36750,34350,115700,13450,13450,23250
Indonesia,2018,10,22,23000,25000,11750,35300,36950,34200,115700,13400,13450,23200
Indonesia,2018,10,23,23050,25200,11700,35000,37250,34150,115300,13450,13450,23200
Indonesia,2018,10,24,23150,25250,11750,34850,36750,34000,115650,13400,13450,23200
Indonesia,2018,10,25,23300,25400,11750,34900,36450,34100,115650,13400,13450,23150
Indonesia,2018,10,26,23350,25300,11750,34550,36600,34150,115650,13400,13400,23100
Indonesia,2018,10,29,23400,25400,11750,34600,36700,33750,115650,13400,13400,23100
Indonesia,2018,10,30,23500,25450,11750,34300,36550,33750,115600,13400,13400,23100
Indonesia,2018,10,31,23600,25500,11750,34250,36400,33850,115700,13400,13400,23100
Indonesia,2018,11,1,23600,25400,11750,33850,36300,33700,115750,13400,13400,23100
Indonesia,2018,11,2,23750,25550,11800,33600,36350,33800,116050,13400,13400,23200
Indonesia,2018,11,5,23700,25350,11750,33250,36600,33600,115700,13350,13400,23200
Indonesia,2018,11,6,23800,25350,11700,33100,36650,33500,115550,13350,13350,23150
Indonesia,2018,11,7,23900,25300,11750,32950,36800,33550,115750,13350,13400,23200
Indonesia,2018,11,8,24000,25250,11750,32800,36700,33500,115750,13350,13400,23200
Indonesia,2018,11,9,24050,25250,11750,32600,36500,33400,115700,13350,13400,23200
Indonesia,2018,11,12,24750,25150,11750,33100,37200,33600,115850,13350,13400,23300
Indonesia,2018,11,13,24950,25000,11700,32050,36900,33400,116000,13250,13300,23150
Indonesia,2018,11,14,25250,25050,11750,32350,37100,33750,115850,13350,13400,23550
Indonesia,2018,11,15,25400,24900,11750,32250,37150,34050,115800,13350,13400,23650
Indonesia,2018,11,16,25800,24850,11800,32700,38000,33950,116000,13350,13400,23750
Indonesia,2018,11,19,25750,24400,11800,33550,37500,34350,116000,13350,13350,24000
Indonesia,2018,11,21,26150,24400,11750,32700,37850,34250,115850,13300,13350,24050
Indonesia,2018,11,22,26150,24450,11750,32650,38300,34350,115850,13300,13350,24050
Indonesia,2018,11,23,26150,24350,11750,32400,37550,34450,115850,13300,13350,24200
Indonesia,2018,11,26,26600,24300,11750,32450,37700,35050,115850,13300,13350,24350
Indonesia,2018,11,27,26600,24300,11750,32200,37400,35350,115850,13300,13300,24400
Indonesia,2018,11,28,26800,24250,11800,32150,37500,35350,115850,13300,13300,24450
Indonesia,2018,11,29,26950,24150,11800,32250,37700,35500,115850,13300,13300,24550
Indonesia,2018,11,30,27200,24200,11800,32600,38100,35550,115750,13300,13300,24600
Indonesia,2018,12,3,28050,24100,11800,32650,38800,35650,115750,13300,13300,24950
Indonesia,2018,12,4,28150,24050,11800,32350,38850,35700,115850,13250,13300,25200
Indonesia,2018,12,5,28300,24150,11800,32500,38900,35850,115850,13250,13250,25350
Indonesia,2018,12,6,28600,24200,11800,32550,39800,35850,115850,13250,13250,25450
Indonesia,2018,12,7,28800,24150,11800,33000,39250,35750,115850,13250,13250,25550
Indonesia,2018,12,10,29400,24150,11800,33250,38600,35850,115800,13250,13250,25700
Indonesia,2018,12,11,29550,24050,11800,33500,38800,36000,115700,13250,13250,25750
Indonesia,2018,12,12,29850,24000,11800,33300,38450,36100,115900,13250,13250,26000
Indonesia,2018,12,13,29900,23950,11800,33250,38400,36100,115800,13250,13250,26050
Indonesia,2018,12,14,30050,23900,11800,33450,38550,36150,115800,13250,13250,26150
Indonesia,2018,12,17,30350,23950,11800,33550,38350,36650,115600,13200,13250,26250
Indonesia,2018,12,18,30500,24000,11800,33600,38400,37000,115650,13150,13250,26300
Indonesia,2018,12,19,30600,24100,11800,33950,38800,37300,115800,13250,13250,26350
Indonesia,2018,12,20,30700,24050,11800,33900,38950,37600,115850,13250,13250,26400
Indonesia,2018,12,21,30800,24050,11850,33900,39350,37850,115900,13250,13250,26400
Indonesia,2018,12,24,31600,23200,11600,35750,39050,37700,116150,13150,13500,27100
Indonesia,2018,12,26,31200,24550,11900,34250,41650,39100,116550,13300,13250,27500
Indonesia,2018,12,27,31300,24150,11850,34450,41800,39250,116250,13250,13250,27050
Indonesia,2018,12,28,31450,24200,11850,34600,41700,39600,116100,13250,13250,26800
Indonesia,2018,12,31,32250,24150,11850,34400,41700,40050,115800,13200,13250,26900
Indonesia,2019,1,2,32500,24050,11850,34350,41900,39650,115900,13200,13200,26850
Indonesia,2019,1,3,32750,23950,11850,33850,42550,39350,115900,13200,13200,26800
Indonesia,2019,1,4,32850,24000,11850,33600,41900,39200,115900,13200,13200,26750
Indonesia,2019,1,7,33350,24050,11850,32950,40300,38550,115600,13200,13200,26500
Indonesia,2019,1,8,33700,24050,11900,32700,39650,38100,115550,13200,13200,26350
Indonesia,2019,1,9,33800,24100,11900,32400,39350,37850,115550,13200,13200,26300
Indonesia,2019,1,10,33800,24050,11900,32100,38900,37500,115550,13200,13200,26300
Indonesia,2019,1,11,33600,24200,11900,31700,38550,37150,115500,13200,13200,26300
Indonesia,2019,1,14,33500,24100,11900,31000,37450,36250,115500,13200,13200,26200
Indonesia,2019,1,15,33400,24150,11900,30650,37050,36150,115500,13100,13200,26150
Indonesia,2019,1,16,33350,24050,11900,29750,36500,36050,115500,13100,13200,26050
Indonesia,2019,1,17,33300,24050,11900,29650,36350,35950,115500,13100,13200,26000
Indonesia,2019,1,18,33350,24100,11900,30050,36250,35800,115500,13100,13200,25900
Indonesia,2019,1,21,33050,24000,11900,28800,34700,35200,115550,13100,13200,25700
Indonesia,2019,1,22,33000,23950,11900,28750,34200,35050,115550,13100,13200,25700
Indonesia,2019,1,23,32700,23950,11900,28600,33950,34800,115550,13100,13200,25550
Indonesia,2019,1,24,32600,24050,11900,28750,33850,34550,115550,13100,13150,25400
Indonesia,2019,1,25,32300,24000,11900,28600,33850,34350,115600,13100,13200,25350
Indonesia,2019,1,28,31450,24000,11950,28350,33300,34000,115950,13100,13200,25300
Indonesia,2019,1,29,31200,23950,11950,28500,33000,33800,115900,13100,13200,25250
Indonesia,2019,1,30,30750,24000,11950,27650,32650,33700,115900,13100,13200,25350
Indonesia,2019,1,31,30700,23950,11950,27400,32100,33550,115900,13100,13200,25150
Indonesia,2019,2,1,30550,24050,11950,27350,32100,33450,116250,13050,13200,25100
Indonesia,2019,2,4,30150,24100,11950,27300,31850,33200,116250,13050,13250,25150
Indonesia,2019,2,6,29550,24000,11950,26950,31700,33350,116250,13050,13250,25000
Indonesia,2019,2,7,29350,24050,11950,27100,31750,33600,116300,13050,13200,24950
Indonesia,2019,2,8,29150,24050,11950,27000,31650,33650,116300,13050,13200,24850
Indonesia,2019,2,11,29000,24950,11950,27600,31800,33700,116200,13050,13200,24700
Indonesia,2019,2,12,28950,25100,11950,27500,31550,33550,116200,13050,13200,24650
Indonesia,2019,2,13,28950,25250,11950,27450,31650,33600,116200,13050,13200,24600
Indonesia,2019,2,14,28950,25350,11950,27450,31500,33550,116200,13050,13200,24550
Indonesia,2019,2,15,28800,25450,11950,27350,31300,33450,116200,13050,13200,24500
Indonesia,2019,2,18,28600,25850,11950,27400,31550,33400,116450,13050,13200,24350
Indonesia,2019,2,19,28600,25900,11950,27150,31500,33300,116400,13050,13250,24300
Indonesia,2019,2,20,28450,26000,11900,27000,31350,33150,116350,13050,13250,24300
Indonesia,2019,2,21,28450,25850,11900,27200,31450,33200,116500,13100,13250,24300
Indonesia,2019,2,22,28650,26050,11900,27300,31550,33200,116400,13100,13250,24350
Indonesia,2019,2,25,28750,26000,11900,27150,31750,32900,116400,13150,13250,24200
Indonesia,2019,2,26,28850,26100,11900,26950,31750,32950,116500,13150,13250,24150
Indonesia,2019,2,27,28800,26000,11900,26950,31600,32700,116200,13100,13250,24000
Indonesia,2019,2,28,29000,26100,11900,27000,31750,32800,116550,13150,13250,24100
Indonesia,2019,3,1,29000,26050,11900,27050,32250,32700,116500,13150,13250,24050
Indonesia,2019,3,4,29850,26200,11850,26700,33450,32350,117000,13150,13200,23950
Indonesia,2019,3,5,30150,26200,11850,26950,33550,32300,116950,13150,13250,23950
Indonesia,2019,3,6,30650,26650,11900,27100,34050,32250,116650,13200,13200,24000
Indonesia,2019,3,8,30900,27000,11850,27100,33800,32050,116750,13200,13200,23950
Indonesia,2019,3,11,32100,28350,11850,27500,34550,32050,116400,13200,13250,23850
Indonesia,2019,3,12,32550,28650,11850,28500,35250,32200,116500,13200,13250,23800
Indonesia,2019,3,13,32850,29100,11850,28200,35250,32250,116500,13250,13200,24050
Indonesia,2019,3,14,33000,29400,11850,28350,35750,32350,116500,13250,13250,24050
Indonesia,2019,3,15,33050,30000,11850,28500,35750,32400,116500,13250,13200,24100
Indonesia,2019,3,18,33650,30900,11850,29200,35950,32550,116500,13250,13200,24050
Indonesia,2019,3,19,33700,31300,11850,29100,35900,32600,116500,13250,13200,24100
Indonesia,2019,3,20,33650,31300,11800,28650,35350,32450,116650,13200,13150,23800
Indonesia,2019,3,21,33750,31450,11850,29300,35900,32600,116450,13250,13200,23700
Indonesia,2019,3,22,33950,31550,11850,29400,35750,32550,116500,13250,13250,23650
Indonesia,2019,3,25,35900,32200,11800,29950,35650,32500,116500,13250,13200,23750
Indonesia,2019,3,26,36150,32350,11800,29800,35450,32450,116550,13250,13200,23800
Indonesia,2019,3,27,36500,32450,11800,29900,35200,32300,116400,13250,13200,23850
Indonesia,2019,3,28,36850,32850,11800,30100,35100,32350,116450,13250,13200,23850
Indonesia,2019,3,29,37050,33150,11800,30100,35450,32200,116450,13250,13200,23800
Indonesia,2019,4,1,37600,34950,11750,29650,35200,32100,116400,13250,13200,23850
Indonesia,2019,4,2,38000,35650,11750,29700,34750,32050,116400,13250,13200,23850
Indonesia,2019,4,4,38350,36450,11750,30700,35100,32050,116350,13250,13200,23850
Indonesia,2019,4,5,38550,36700,11750,31000,35150,32050,116350,13300,13200,23850
Indonesia,2019,4,8,39000,37250,11800,31750,35900,32200,116400,13250,13200,23850
Indonesia,2019,4,9,39250,37600,11750,31750,36100,32200,116450,13300,13200,23900
Indonesia,2019,4,10,39450,38000,11750,31800,36000,32350,116450,13300,13200,24000
Indonesia,2019,4,11,39650,38100,11750,31700,35850,32550,116400,13300,13200,24000
Indonesia,2019,4,12,39900,38650,11750,31850,36100,32800,116450,13300,13200,24050
Indonesia,2019,4,15,40800,41800,11700,32300,36400,33150,116400,13250,13200,24100
Indonesia,2019,4,16,40850,42800,11700,32200,36150,33350,116400,13300,13200,24100
Indonesia,2019,4,17,33250,41150,12100,23400,27350,31150,121250,13000,11800,20700
Indonesia,2019,4,18,41500,44350,11800,33100,39750,33800,116550,13300,13200,24350
Indonesia,2019,4,22,41400,47000,11700,35350,41700,34200,116500,13300,13200,24300
Indonesia,2019,4,23,41550,47400,11700,35800,41400,34500,116600,13300,13200,24350
Indonesia,2019,4,24,41050,47350,11650,34600,40000,34900,116550,13250,13150,24150
Indonesia,2019,4,25,41600,47900,11700,35150,40700,35100,116650,13300,13200,24350
Indonesia,2019,4,26,41450,48100,11700,35300,40400,35250,116650,13300,13200,24400
Indonesia,2019,4,29,41100,49000,11700,35200,40250,35700,116750,13350,13200,24850
Indonesia,2019,4,30,41000,49750,11700,35250,41200,35750,116800,13450,13200,25050
Indonesia,2019,5,2,40350,54100,11700,36600,41250,35950,117250,13500,13200,25500
Indonesia,2019,5,3,40050,56500,11700,37750,40900,36250,117450,13500,13200,25550
Indonesia,2019,5,6,39350,64050,11700,40600,44150,36700,117650,13600,13200,25800
Indonesia,2019,5,7,39050,63900,11700,41900,45450,36550,117450,13650,13200,25900
Indonesia,2019,5,8,38750,61250,11700,42350,45750,36250,117450,13700,13250,26000
Indonesia,2019,5,9,38600,59350,11700,42750,45450,36150,117350,13700,13250,25900
Indonesia,2019,5,10,38600,58600,11700,42050,44550,35950,117600,13700,13150,25700
Indonesia,2019,5,13,37800,55750,11700,40250,42450,35500,117600,13800,13300,26050
Indonesia,2019,5,14,37300,53500,11700,39200,41100,35200,117450,13800,13250,26000
Indonesia,2019,5,15,37150,51700,11700,38200,41050,34850,117750,13800,13250,26050
Indonesia,2019,5,16,36500,50100,11700,37250,39850,34650,117400,13800,13250,25950
Indonesia,2019,5,17,36300,49050,11700,36950,39150,34500,117400,13800,13250,25950
Indonesia,2019,5,20,35450,45200,11700,36850,40300,34200,117400,13800,13200,26000
Indonesia,2019,5,21,35850,44800,11700,36300,39650,34050,117350,13750,13250,25900
Indonesia,2019,5,22,35350,43600,11700,36050,39250,34150,117400,13850,13200,25900
Indonesia,2019,5,23,35200,42500,11700,36300,38850,34150,117500,13850,13200,25900
Indonesia,2019,5,24,35250,42000,11700,36550,38800,34300,117450,13850,13200,25850
Indonesia,2019,5,27,35400,41350,11700,38400,39100,34700,117650,13850,13200,25700
Indonesia,2019,5,28,35550,41000,11650,39150,38700,34750,118200,13850,13150,25350
Indonesia,2019,5,29,36000,41600,11700,40550,39450,35300,118300,13900,13200,25650
Indonesia,2019,5,31,36600,41500,11700,44000,39150,35800,119450,13900,13200,25650
Indonesia,2019,6,3,38200,41950,11700,58100,43500,37350,124950,13900,13200,25600
Indonesia,2019,6,4,38900,42450,11700,63500,45950,38500,126450,13900,13200,25650
Indonesia,2019,6,7,42500,44900,11200,56650,34000,39050,117500,14500,13300,27650
Indonesia,2019,6,10,38600,41600,11700,52050,43900,37100,120200,13900,13200,25450
Indonesia,2019,6,11,38700,41500,11700,50550,42600,36650,119450,13900,13200,25350
Indonesia,2019,6,12,38750,41700,11650,48300,40950,36250,119400,13850,13150,25000
Indonesia,2019,6,13,39100,41850,11700,49550,40150,35950,118850,13900,13200,25200
Indonesia,2019,6,14,39000,41900,11700,50250,40100,35600,118650,13900,13200,25050
Indonesia,2019,6,17,39550,41600,11700,50050,39550,34600,118550,13850,13200,25000
Indonesia,2019,6,18,39500,41500,11700,49550,39100,34350,118500,13850,13200,25000
Indonesia,2019,6,19,39400,41350,11700,49500,39500,34250,118500,13850,13200,24900
Indonesia,2019,6,20,39450,41300,11700,49750,40050,34200,118300,13900,13250,24850
Indonesia,2019,6,21,39150,41150,11700,51050,41100,33950,118500,13850,13250,24700
Indonesia,2019,6,24,39250,40650,11700,52650,42650,33350,118450,13850,13250,24850
Indonesia,2019,6,25,39150,40650,11700,53100,42550,33050,118300,13850,13250,24950
Indonesia,2019,6,26,38850,40500,11700,53800,42550,32850,118400,13850,13200,24900
Indonesia,2019,6,27,38850,40350,11700,53850,42800,32800,118300,13850,13200,24950
Indonesia,2019,6,28,38950,40400,11750,54700,44250,32800,118550,13850,13250,24900
Indonesia,2019,7,1,37400,39400,11700,55100,46050,32550,118200,13850,13200,24950
Indonesia,2019,7,2,37100,39200,11700,55400,47300,32600,120350,13850,13200,24900
Indonesia,2019,7,3,37150,39050,11700,56200,49450,32800,120350,13850,13200,24900
Indonesia,2019,7,4,36900,38850,11750,57850,52350,33450,118300,13850,13200,24950
Indonesia,2019,7,5,36600,38800,11700,57300,52550,33500,117850,13850,13200,24900
Indonesia,2019,7,8,35900,38350,11700,58400,54400,34350,117550,13850,13200,24900
Indonesia,2019,7,9,35950,38100,11750,58450,54950,34800,117850,13850,13200,24900
Indonesia,2019,7,10,35650,37900,11750,58150,55750,35300,117850,13850,13200,24900
Indonesia,2019,7,11,35000,37550,11700,58000,56650,35500,117850,13850,13200,24800
Indonesia,2019,7,12,35050,37550,11750,58050,56850,35800,117750,13850,13200,24800
Indonesia,2019,7,15,34700,37400,11700,59900,60500,36500,117700,13850,13200,24750
Indonesia,2019,7,16,34400,37350,11750,60050,60900,36300,117750,13850,13200,24700
Indonesia,2019,7,17,34250,37150,11700,59650,61150,36500,117850,13850,13200,24700
Indonesia,2019,7,18,33950,36900,11700,59350,61850,36500,117800,13850,13200,24700
Indonesia,2019,7,19,33850,37000,11750,59700,62900,36750,118150,13850,13200,24750
Indonesia,2019,7,22,33400,36650,11700,59100,63400,35900,117900,13850,13150,24700
Indonesia,2019,7,23,33400,36750,11750,58850,64050,36550,118150,13850,13150,24800
Indonesia,2019,7,24,33050,36300,11700,58750,64800,35100,118050,13800,13150,24900
Indonesia,2019,7,25,32700,36250,11750,58500,64900,34950,117850,13800,13150,25000
Indonesia,2019,7,26,32650,36200,11700,57700,64800,34800,118000,13850,13200,24900
Indonesia,2019,7,29,31900,35800,11700,57700,68350,34450,117850,13800,13150,24900
Indonesia,2019,7,30,31650,35650,11700,57400,68900,34150,117750,13800,13150,24900
Indonesia,2019,7,31,31600,35500,11700,57600,68900,34000,117900,13800,13150,24900
Indonesia,2019,8,1,31450,35250,11700,57400,68950,33900,117850,13800,13150,24950
Indonesia,2019,8,2,31200,35150,11700,57550,68650,33500,117650,13750,13150,24950
Indonesia,2019,8,5,30800,34850,11700,60250,69050,33500,117900,13800,13150,24900
Indonesia,2019,8,6,30550,34600,11700,61350,69850,33600,118000,13800,13150,24900
Indonesia,2019,8,7,30650,34800,11700,63850,70550,33650,117950,13750,13150,24900
Indonesia,2019,8,8,30200,34650,11650,66350,70550,33650,118150,13850,13200,24950
Indonesia,2019,8,9,30300,34550,11700,70700,72200,33900,119000,13750,13150,24900
Indonesia,2019,8,12,30000,34600,11700,72200,73000,34150,119200,13750,13150,24850
Indonesia,2019,8,13,29700,34550,11700,71500,72650,33900,118700,13750,13200,24750
Indonesia,2019,8,14,29450,34400,11750,70700,73150,33750,118900,13750,13200,24750
Indonesia,2019,8,15,29350,34200,11700,69650,72200,33150,118450,13750,13200,24650
Indonesia,2019,8,16,29350,34100,11750,68100,71100,33050,118800,13750,13200,24850
Indonesia,2019,8,19,28400,33800,11700,63450,66550,32150,118300,13800,13200,24600
Indonesia,2019,8,20,28400,34000,11750,62300,65550,31950,118350,13800,13200,24950
Indonesia,2019,8,21,27850,33850,11700,61150,64150,31750,118300,13800,13250,25000
Indonesia,2019,8,22,27550,33650,11700,60250,63600,31700,118500,13750,13200,24900
Indonesia,2019,8,23,27300,33600,11700,58700,62600,31550,118350,13750,13200,24850
Indonesia,2019,8,26,26450,33250,11700,55750,60800,31100,118300,13750,13200,24900
Indonesia,2019,8,27,26150,33250,11700,55250,60100,30850,118250,13750,13200,24850
Indonesia,2019,8,28,26000,33150,11700,54700,59350,31000,118300,13750,13200,24850
Indonesia,2019,8,29,25750,33100,11700,54400,58550,30850,118300,13750,13200,24800
Indonesia,2019,8,30,25700,33150,11750,53450,57100,30750,118200,13750,13250,24900
Indonesia,2019,9,2,24850,32850,11700,53100,58050,30450,117900,13750,13200,24700
Indonesia,2019,9,3,24800,32950,11700,52150,58900,30300,118350,13750,13200,24700
Indonesia,2019,9,4,24600,32800,11700,51950,59700,30150,118450,13750,13200,24700
Indonesia,2019,9,5,24550,32750,11700,51350,60200,30250,118350,13750,13250,24700
Indonesia,2019,9,6,24250,32550,11700,50650,60000,30050,118350,13700,13200,24600
Indonesia,2019,9,9,24050,32600,11700,49300,60850,30400,118200,13700,13200,24450
Indonesia,2019,9,10,24050,32600,11700,49000,61300,30550,118200,13700,13200,24400
Indonesia,2019,9,11,24050,32500,11700,48400,60150,30900,118100,13700,13200,24350
Indonesia,2019,9,12,23900,32400,11700,47500,60400,31050,118100,13700,13200,24350
Indonesia,2019,9,13,23550,32300,11650,46450,59250,31400,117750,13700,13200,24150
Indonesia,2019,9,16,23550,32150,11700,45750,58850,31800,118200,13700,13150,24100
Indonesia,2019,9,17,23550,32150,11700,45350,58700,31900,118200,13700,13150,24050
Indonesia,2019,9,18,23500,32050,11700,44500,57700,32200,118200,13700,13200,24050
Indonesia,2019,9,19,23100,31800,11700,43200,57050,31950,118200,13650,13100,23850
